date,short_rate,fwd_2y,fwd_3y,fwd_4y,fwd_5y,fwd_6y,fwd_7y,fwd_8y,fwd_9y,fwd_10y,xr_2y,xr_3y,xr_4y,xr_5y,xr_7y,xr_10y
1972-08,5.17003464787937,5.76133006412297,6.1329562219223295,6.03749386941573,6.534615780275349,6.8169913896583125,6.5349268725973175,6.464305779579419,6.542130697820582,6.659174029148524,0.4993305958297798,0.6844421497043998,0.2543594553282702,0.2746552872025383,0.6867409500696056,0.8678117868210711
1972-09,5.18815203330096,5.686279707258239,6.05127286654632,6.1612150251257205,6.545002559399062,6.286674170013356,5.828426364694643,5.595876083298577,5.513095905849241,5.5340052784515805,0.19862582585837973,0.2100325804187797,0.12761779930213013,0.347236072581782,-0.44378379014469793,-4.3994885405867254
1972-10,4.56552644341238,5.27406094591228,5.734023094742129,6.216043759993932,6.422158133567532,6.33367166924695,5.856580500439058,5.648553938333656,5.623580343720214,5.732478237888877,-0.0834834917563807,-0.4617661165479108,-0.5624643525060682,-0.5972757445331283,-1.0948576851874003,-3.7625435809652874
1972-11,4.65240783877525,5.374378843616169,5.837093437578522,6.111624645303177,6.435736237648481,6.770872915316602,6.160563067524684,5.707649561565518,5.553677167744439,5.627494662890662,0.09734613045975937,0.012828056059970727,-0.23799051821332284,-0.10666590728516745,0.43751058717343394,-2.041033397755963
1972-12,4.24743775465448,5.2793034853551,5.6234407462654,5.807630835623101,6.119622154572319,6.634278254851182,6.461429239596725,6.215052042680256,6.1663930704715995,6.270992861105938,-0.22467635003188047,-0.7708670672058604,-1.3269376675545503,-1.4673629806156834,-0.9747833022520895,-1.5426889744536423
1973-01,4.08987093023999,5.478444394336649,6.186029767753359,6.368598616105203,6.373095126559647,6.528312078684451,6.48563262513526,6.401559392204881,6.391407789303557,6.466417848600599,-0.5057532789423709,-0.7437889562170508,-0.8594468460125899,-0.9478140914715834,-0.422751449339831,-0.46239712695662405
1973-02,4.18678210590787,5.27819263984097,6.121423071281908,6.296216106008812,6.295326169167037,6.421588078351206,6.462018468940407,6.405194037360026,6.360466135017575,6.258539220352887,-0.95700820010771,-1.6515691658665617,-2.066547877148359,-2.5247147310092704,-2.5198770978240415,-2.0140020038102815
1973-03,4.88091501290377,6.105532447041229,6.281978087306099,6.281400673660343,6.313933104863658,6.323760167974221,6.220078766793087,6.085930363126714,5.999223676915555,5.923304006790325,-0.7323974290341511,-1.2307588891725105,-1.5023757677830085,-1.8284749990283107,-2.2748116698611796,-3.2355999002059415
1973-04,4.43459729250335,5.669462992134811,6.3603994646614,6.184401739349081,6.126835538949507,6.42315189526925,6.586442243177601,6.55513415120916,6.563996840810475,6.542825744703663,-0.9452448645437395,-1.2437900367590897,-1.705216852434308,-2.1412630668604002,-2.21653303473561,-2.227123517755455
1973-05,4.49603878320147,5.38354508605509,6.216712043209679,6.1165516610645625,6.376021505976848,6.338453938101093,6.434025009179486,6.514171422287134,6.577028079531537,6.558464321616299,-1.5591258430777701,-1.9411908005411114,-2.225706727749248,-2.358527358786181,-3.087538794400982,-4.331210319313889
1973-06,5.04071499704067,5.80789506409279,6.201467923595182,6.206081888173358,6.355960759806653,6.234130223019989,6.188803490267958,6.093182701706361,5.99472962607809,5.854899901280348,-1.7249606865960496,-1.9531546508985498,-2.4190895201779092,-2.6075218773082165,-3.3636749019591727,-5.855010238260138
1973-07,4.71700149236806,5.693439578537681,6.519660917995807,6.346958045934372,6.282690546257882,6.296161229903355,6.399485296163704,6.449799953906982,6.469345298188337,6.42384531384932,-2.839989339249109,-3.6995928172401307,-4.813878223970281,-6.090937279776781,-7.30960718640526,-7.45938424828658
1973-08,5.26199946829319,5.9478446680477095,6.4675765637918605,6.514319948401081,6.4554044994865585,6.484428099902004,6.5935170926063265,6.464322377592069,6.426700199598663,6.656499572292638,-2.31854114286158,-2.8457819051134114,-2.8447501549619583,-3.1335797410054687,-3.638200492253402,-4.548818902845075
1973-09,5.48765388139986,6.039866111985921,6.243629806242367,6.325384286119412,6.3385790013539385,6.567541396080543,6.754038930842107,6.8781505833180105,6.966492503881305,6.995889745748933,-1.378732636573659,-1.3057076171978892,-1.196243088506729,-1.4085265549656407,-1.3498429644134324,-1.0440861462096898
1973-10,5.35754443766866,6.112305719533659,6.316741995952089,6.456969525594591,6.287466377738401,6.400367732601879,6.515639730762814,6.545676502440948,6.610982182516871,6.696458079669789,-1.0336221513893804,-0.9282081333800916,-1.0805021116428817,-1.4216995335204192,-1.698581407598109,-1.168462230195777
1973-11,5.27703271315641,5.92161151197831,6.3624432195764715,6.304411626720327,6.170706931131782,6.216552557250896,6.353586544019855,6.450386026434586,6.56339280667558,6.651047942304082,-1.5594073885078297,-1.1176866198635986,-1.2574089415032619,-1.6370521305019068,-2.632588715874661,-2.10743715179479
1973-12,5.50397983538698,6.16963146343938,6.363701435971789,6.260047467633452,6.251791986130648,6.351335829953673,6.38210200315725,6.367057601351711,6.471184041950387,6.631598759242024,-1.0219099095735498,-0.9429957456830884,-1.1662307800383394,-1.5542035288206488,-2.1854467200072083,-2.7369654890520625
1974-01,5.98419767327902,6.42406544502804,6.48425650590074,6.461462372018641,6.274081353730956,6.214800707957,6.263317144092234,6.42750614848881,6.60820741514479,6.766478555694171,-0.6098166638235298,-0.44735091599633936,-0.7255807924804278,-1.2934349500773008,-2.8130032162288092,-3.6481260321037974
1974-02,6.23520083994868,6.81598403704076,6.711194817290609,6.75349302302795,6.451928830552198,6.426840083554183,6.3877581035452735,6.149258509232908,5.981307685938553,6.152778168386682,-0.2322838058608303,-0.05107673571757054,-0.06704653629875157,-0.3976770472612001,-1.4289286751704067,-3.500859149503457
1974-03,6.83792987607538,6.780339547444459,6.553017552270839,6.640032336108963,6.441261158988457,6.548914446611718,6.5468252784951275,6.308203105812979,6.114217892869249,6.132083343975424,-1.3730727089714616,-2.0451213753197406,-2.8032141164568696,-3.689661802597719,-5.233834636272791,-5.774724901629902
1974-04,6.61470785667855,6.6589446368767495,6.645828555024298,6.562881753375603,6.426692782891148,6.6581713234309134,6.770703356695094,6.52487445848692,6.376969404561123,6.428072626445399,-2.0838268045848904,-3.1432506218662715,-4.4054860481799,-5.7576845556139995,-7.638490148347751,-8.223950801270641
1974-05,6.94267092913286,6.59877700067302,6.401067588272699,6.5088421370137794,6.592656722458095,6.908833660437281,7.115491606109089,6.959541588391495,6.8183021538472985,6.652174508671983,-1.7714853578165206,-3.0081104441581212,-4.17395461834115,-5.336332302028649,-6.48769504845412,-5.939357067989275
1974-06,7.53285575068884,6.429661887897681,6.6720167574527185,6.544393116936959,6.504329930610755,6.674756807328151,6.816307243986827,6.834618238223911,6.7832220831550245,6.682715492476532,-2.028186711591439,-3.259532079352341,-4.779770043307294,-6.336312352847211,-7.996293234317404,-7.310804618641107
1974-07,8.53342891778679,7.37926439598683,7.461243452664522,7.559749602064379,7.164807010985378,6.749509421710158,6.500984894167793,6.51831313564815,6.47346959801002,6.443222895456188,-1.1124205990106297,-1.9354702248395492,-2.64553955550225,-3.578733614353731,-5.855406793061019,-5.882329269582567
1974-08,8.26638581090929,6.994817326043691,6.513288198249628,6.744234085530071,6.784235661838274,6.798330281917991,6.936730589832457,6.874383813602762,6.647026156639818,6.317464065185618,-2.4914554612987594,-3.9944223394434006,-5.197580496945362,-6.399270804684455,-9.102743919135026,-9.988569102150027
1974-09,7.41859874855958,6.170604786866599,6.215919757428249,6.550862467812852,6.567851939966573,6.69504479640387,6.869992085751093,6.851496560217981,6.813287368775427,6.7383086845038775,-1.8600573024662097,-3.4582487322940905,-4.69056676122491,-5.954650513087928,-7.96139122698428,-9.0395192665979
1974-10,7.14592787092304,6.2113279779428,6.609263503857381,6.628663799615939,6.599134705961987,6.593754631480394,6.5112841298965805,6.397268327107959,6.4144451302207415,6.49506957751418,-1.5897011511148795,-2.4757618418034193,-3.7477882851435798,-4.978697154733728,-6.930013606462221,-6.7636642610232
1974-11,7.48101890048614,5.9207224509322405,6.44413394835999,6.550350120130428,6.731936594443699,6.8337390921998065,6.463707360404442,6.265646207815813,6.4103216431141234,6.669041561768111,-1.5683579250950395,-2.077036777882009,-3.0134607372955706,-3.721707900340241,-5.1337198460306945,-5.537977193496348
1974-12,7.19154137301293,6.28478727208133,6.4832825019887,6.6397647349129585,6.697073373342732,6.66760765095475,6.572779421630081,6.597664323455319,6.850915426503576,7.203154028476021,-0.7831503334107701,-1.5248538607670499,-2.0060935978925523,-2.381951727175239,-2.98162354116445,-2.032221803825305
1975-01,7.03388210885157,6.321790758073551,6.739692248502729,6.841935511327829,6.961395098466717,7.036291019734023,6.872157509774077,6.7921692929465465,6.972988132482136,7.190675223865021,0.1958447430090109,-0.1692769756411403,-0.67708095796704,-1.1952070730526527,-2.0937447277801153,0.11383971695898154
1975-02,7.04826784290159,6.5299877471473495,6.769462823609132,6.782559341514649,6.909973556094727,6.935876258913929,6.794603725631887,6.699971608819617,6.860699503439697,7.150845807392628,0.6716941070553197,0.8654291928752809,0.5305347822367406,0.10145359545869947,-1.5278173530429893,0.5967011759251886
1975-03,8.15341225641592,7.225066218619119,7.398125077246091,7.327708845129308,7.368663159671613,7.271249399110303,6.591219074468995,6.25600364150489,6.2481718920408795,6.326767244752283,1.0428340115892594,1.2623178380720894,1.079307306417058,0.7479489331170468,-0.6191334840453493,-0.06300673115521782
1975-04,8.74277144146164,7.705252372305681,7.825117179689229,7.778891290325248,7.812084455742955,7.49759581711681,6.772893408666562,6.550792343113152,6.591691390636605,6.493894794713825,1.0185442278154015,0.6999259739095098,0.3299032844732075,0.046195382030670196,-0.9420606357231369,0.6902631107799237
1975-05,8.37026235848954,7.6376926746143,7.674686311196808,7.75503440614559,7.765314586900466,7.410373426071374,6.8942451198586525,6.6055099071370265,6.381925243450262,6.208316435313975,1.6114656308544797,1.8230573512567485,1.825612461232767,1.9842361086564395,0.26846130658254985,-3.132259560486111
1975-06,8.45784859948912,7.90336212521362,8.06463108089191,8.060872240150672,7.910424026528823,7.240620906256353,6.742298403030176,6.473432821856761,6.399335973292224,6.259182233162534,1.22269792422113,1.7949128108586532,2.1305721021512527,2.196573430574224,0.7736961355010576,-1.763844577822593
1975-07,8.49168499499746,8.284293078493441,8.26981893272708,8.098001069836862,8.003945155422961,7.523222339162274,6.982848311000161,6.471118063918958,6.0079617307167865,5.609162568062118,1.1480401386903214,1.5096010061334209,1.4446997951814229,1.6820955306127434,1.0547309479232592,-2.5206839193505646
1975-08,9.48627278734245,8.01625507639427,7.947392243032031,7.985925969577366,8.438624325175333,7.99990966102569,7.1104980212297875,6.807827139899473,6.806374057313938,6.302674372257968,0.7152525428305498,0.7523789749238006,0.6700497323995069,0.8586791117022017,0.676103847860416,-2.209871409330785
1975-09,8.03066208933281,7.814111187256131,7.78318049674367,7.831935691829589,7.834449760411452,7.737327835639867,7.534539060073691,7.163128691419033,6.7835529016181795,6.539681967486175,0.33060007469192065,-0.24107517413475765,-0.6685419910111623,-1.1929005785669577,-1.8839364710721966,-5.312857702381995
1975-10,7.80102912905768,7.495324194545921,7.900690242956099,7.830043575552139,7.745731064924662,7.3106241481808,6.448359428669086,6.266602492193854,6.425471768540909,6.365580318996351,1.3007239682313312,1.6191369027075604,1.6902805860068382,1.7269127689895782,-1.0560520875485118,-6.051560156132555
1975-11,7.48908037602728,6.95281280114696,7.486774079543988,7.440183757488374,7.589753135656149,7.119705262638547,6.851168135617172,6.705684461943207,6.192414162603335,6.184749654278285,0.48257335400546,0.15699386744704924,-0.27900805871049883,-0.3689370519168529,-3.0765264061113475,-7.591771429287728
1975-12,7.0679376054921,7.224986029344981,7.121004472038461,7.072931502625419,7.0636647222849405,6.776394164289094,6.768778833130732,6.656266605880994,6.277286602084047,6.24058442046983,1.197296178978541,1.0728251261546005,0.48455327467438014,-0.18056971155683588,-2.4785969612327543,-6.041767530508023
1976-01,6.12594601506454,7.10481396715288,7.349739493653731,7.4795212135523315,7.685614180459666,7.121372003775889,6.844294551261342,6.085817140118344,5.818136513174927,5.703270068033547,1.5930821295380397,1.8134288929541302,1.4117709013707413,1.3067889908547707,-0.8999022724022412,-5.210505390823065
1976-02,5.85829364009203,6.57572773778917,7.117453752153191,7.339054742872769,7.693310306236896,7.666440626810605,7.0257062374409,5.987765755140039,5.573526398102821,5.34981365701978,0.5618667398922801,0.3910089782413202,0.024097862036628115,0.2845924121858232,-0.9509169093419301,-5.979920530764032
1976-03,6.18223220702986,7.178641250763261,7.510719376784339,7.700021532971622,7.756535275998019,7.47301561474368,7.213985367559609,5.740298779505288,5.320531878343019,5.070400610271307,1.241260948013891,1.5077045860107194,1.6763366268682827,1.7326612953311198,0.9569179739344289,-4.97487696111517
1976-04,6.68670814449028,8.143735433595122,8.148913979761552,8.095792358185488,7.906543414019854,7.352201829517327,7.081495942740119,5.666150790922579,5.256408048297821,4.87728560958945,2.214661381971391,3.236896816437251,3.9676671174985616,4.329769254433898,2.9843963936017968,-3.9664441787730675
1976-05,6.02622704375982,7.463094590794539,7.752479296169573,7.606690939476788,7.824240346509082,8.196153001494835,7.633466891634669,7.462187116384776,7.5008184449504895,7.518481243707427,0.8626434183575293,0.8665208117984315,0.734611306747901,0.5750035689366202,1.2053440902994277,0.1967277594404795
1976-06,6.68066420099249,7.492416194254389,7.72521294885807,7.844422698105852,7.599767133718643,7.806029470641057,7.033675081295492,7.249571303959684,7.3862453563799875,7.460404440613729,1.1722308908259889,1.5014469678286195,1.79323489130834,1.5382541843217563,0.6942263812055867,-0.3175197379701311
1976-07,7.13625293980312,7.908258065283981,8.162902280788858,7.766549419991641,7.4739009636741045,7.6595342691778185,7.037518265059596,7.224448826689283,7.401690138222804,7.532616526919895,1.8805274953327205,2.7972393892832805,3.1093573948048707,2.7485965162460637,1.300554189894659,0.4220637961117548
1976-08,7.30100253356372,7.91026581093878,8.068255212101661,8.24999494587264,7.5374285850946485,7.755554361002609,7.979623272421065,7.504649662106473,7.318577892135039,7.509306724149468,2.0710411725068,3.10473694298728,4.170192900854712,3.959235018146928,3.95101375853306,2.7810993793777516
1976-09,7.48351111256421,8.35485574557035,8.259402508705993,8.358808347967248,7.708601277630898,8.254301510587894,8.339007316187633,7.80366304747497,7.772614428170584,8.003300520407521,2.653053966063079,4.170619469205562,5.39575851030977,5.5349038780776105,6.566698590229096,7.012393005422835
1976-10,6.19460022631459,7.5822773084798705,7.758899892252861,7.7090988819419195,8.089285416373308,8.452663017014672,8.041992622363452,7.979434328145651,8.031735697806049,8.071541801385536,2.1372653337572904,3.38855611415243,4.295623395514472,4.952763796687923,6.221352003588904,7.047166108614391
1976-11,6.4702394471415,7.8123535661024,7.876185683645918,7.679682128862503,8.169933131268131,8.508529621182085,8.163142168311644,7.708923790524942,7.726027343164631,7.885400900907044,2.90140457516513,4.9532313819485,6.504084495661611,7.931451198634273,10.016021637588697,10.108109049987467
1976-12,6.02768985036644,7.2454755248624005,7.6612033541056395,7.728787708516158,7.86376727934676,7.979432967748984,7.80251888915317,7.4452087667424465,7.489580541814533,7.6849419461741775,2.402201233733111,4.28047099351582,5.678937428581529,6.788076091265118,8.224826797813254,9.774716148736152
1977-01,5.51173183761484,7.129392730237639,7.881179205135723,7.790596090975637,8.304695688493563,7.867662129800678,7.981819178084535,7.087006650894423,6.8490010107686885,6.92664571600217,1.571351241488589,2.840783900249021,3.4986315981458187,4.201983006877559,5.12201489510686,4.605877998884864
1977-02,6.01386099789689,7.28831151380415,7.705965859077461,7.432815756087699,7.987640726585251,7.940015459194008,7.931486888329452,7.095687754543967,6.912934788811327,7.148183550558386,1.8136723267794395,2.9583594246729907,3.208388244220308,3.3929418304474,4.011282354171623,3.8282146464932243
1977-03,5.93738030274937,7.244275738787511,7.531389492114057,7.700210607535183,7.7968686538429814,7.665875649857,7.860829463191763,7.154449236845416,7.047747503132037,7.259478169456983,1.881312727287491,2.9034988081223885,3.472006199836052,3.5557467222570525,3.668317481848634,3.355622637832284
1977-04,5.92907405162373,7.1266785452956904,7.365022057124177,7.544441277084523,8.011033841014978,7.768036792074561,7.9357146590801335,7.40181391572461,7.413156446379979,7.652775311781923,1.6654438711482005,2.47076694239563,3.0035497850942807,3.26079138541185,3.8566747876934633,3.925190505212721
1977-05,6.60045117243701,7.748601902728669,7.73860044452732,7.9838480843203605,7.666842608029437,7.532436763737266,8.481396459710034,7.55903978130894,7.449666894882668,7.605499495023196,2.0476277180511993,3.3299460296887693,4.45038149621198,4.56519606053607,5.6370451444375895,5.885025882697352
1977-06,6.3201853034284,7.3959968718554405,7.5526347746261315,7.85474784070523,7.845970740524553,7.837761614528162,8.105603606564863,7.513294511142419,7.489069102421844,7.62934852942486,1.8090327661609802,3.0104163725224904,4.269521059414092,4.76850734571283,6.038359346465519,5.77174849865121
1977-07,6.02773056995126,7.2461903868382995,7.454431414470051,7.834661842232908,8.05725387821678,8.087840982372043,7.88741584722586,7.568172809429676,7.581657228959351,7.778201118079679,1.1775461579212196,1.9481708442334886,2.8556269573679494,3.4106416554654384,4.47792789113996,4.8387346789269925
1977-08,5.83922463843198,7.034559441621179,7.184538988005212,7.74838646780243,7.915644415319651,7.827754477717889,7.8532527976905655,7.758370734949736,7.890825124905994,8.148111326202567,0.8501618344656592,1.3959565718727687,2.1151887484556617,2.8373055866501504,4.036196149755788,4.969450258957653
1977-09,5.70180177950727,6.74183700556351,7.133669306863039,7.569455909863059,7.802727854669772,7.75878625995427,7.875932790930527,7.599377496404635,7.658573293524164,7.840268947700054,0.26893007145234993,0.5201858005834898,1.0809053337930674,1.6628853568870579,2.6108350296959575,3.239787921372903
1977-10,5.44501197472258,6.507609111857721,6.80203160057988,7.432145015199858,7.45771624544016,7.768351187036977,8.004997402051401,7.571387760356224,7.680512559904123,7.968073567780479,-0.25341048803810917,-0.6923782334675801,-0.6246832011015799,-0.6766542700357396,0.17067313017399854,0.8914916870891387
1977-11,4.91094899093727,5.82435887686255,6.128829015149391,6.7425664282954685,6.861851743594919,7.725249606944388,7.5550150640336895,7.624762296298407,8.048487261865745,8.368966990905676,-0.8620870676403998,-1.8933375977595404,-2.407467781689972,-2.94886414061323,-2.5147652959502196,-1.3470845145914554
1977-12,4.84327429112929,5.782933594322931,6.330321273450448,6.754628616663172,7.012275055052907,7.3329260953011115,6.977600314969294,6.925783575428284,7.166458013410676,7.480668792183188,-1.0399398002353992,-1.9797475697957605,-2.8013970998878097,-3.5599465069068206,-4.6939813960447605,-7.0299625631036955
1978-01,5.55804148874905,6.611746546375289,7.13274839307884,7.601344279761822,7.418867394556351,7.510582025099566,6.95050638272739,6.954272755136813,7.474011136023073,7.452263625738006,-0.4420936902012409,-0.8218338608213092,-0.9198426599583289,-1.3811311796305779,-2.5487152666682826,-4.684089611432373
1978-02,5.47463918702471,6.56127876118391,7.182786936540381,7.8030871403581585,7.66592905851644,7.587232765282799,6.997930446453573,6.9243916633754665,7.417551691763045,7.527561814507422,-0.5348546834915293,-1.0109699617195291,-1.097945371500039,-1.3931458379446697,-2.6064192033259994,-5.088011672361642
1978-03,5.36296301150002,6.50920341127916,7.131703215821517,7.713128131421982,7.646217213082075,7.767917140375104,7.2259271238154525,7.172263577273647,7.376179052361685,7.431275279877255,-0.6983550972541597,-1.375695875075361,-1.568907213506912,-1.9200997063044296,-2.9390780071737677,-5.530896550062472
1978-04,5.46123467414749,6.559698985876749,7.01165843438587,7.753792240697411,7.413250918522131,7.694617130350949,7.404643295524622,7.3724481188840585,7.62213854195857,7.577228902987159,-0.7850605700279711,-1.7610133516179403,-1.9743595226205901,-2.5780478873621586,-3.5827216044738677,-5.842660678431904
1978-05,5.70097418467747,6.456282132889751,6.863412617797149,7.552028043705349,7.4233570476241795,7.518627091921601,7.3001208045084525,7.4264625534845266,7.639642074962062,7.436149479667854,-1.2601546269625592,-2.54566018411772,-3.0971725896337423,-3.8508762146344084,-5.582692631073558,-8.465586992985756
1978-06,5.58696410569446,6.35125116826462,6.595643153813629,7.346984454225812,7.186789011279426,7.48672420906091,7.5321603373857755,7.60526921979865,7.76089343361901,7.9906862595499035,-1.7400848647509095,-3.589829145034491,-4.626508388883688,-5.720525844107751,-7.325049493411132,-9.870787660184178
1978-07,6.06864422891708,6.68380672815778,6.92720572909845,7.50223918011929,7.332469485308451,7.5755011086149295,7.547882776145251,7.46790009782341,7.551441494713011,7.827314293626841,-1.3846437228633093,-2.82161789726947,-3.6279314165989494,-4.394729236149475,-6.002730028548835,-8.603730097842671
1978-08,6.18439760715552,6.6387442505981005,7.029154291219539,7.19352757712516,7.209409789841132,7.272706922461687,7.470910581972035,7.653382725987385,7.7397597688970095,7.773454323884138,-1.5296168941244987,-2.758459805396182,-3.650712384486339,-4.656833921616868,-6.335149098323846,-7.709539711007966
1978-09,6.47290693411116,6.882413577731899,7.0087363766534825,7.220747831575778,7.352928797054126,7.333840581021775,7.46482714646158,7.477740204889962,7.526699494600365,7.646010748460668,-1.6929525847974514,-2.9704448238524597,-3.682056081450739,-4.54113468585907,-6.492949977102375,-9.106689186497453
1978-10,6.76101959989583,7.24099934600935,7.364449982833859,7.509687314374322,7.41083875793279,7.515182430945849,7.463682753193801,7.49632566616804,7.539146911763844,7.622233295174709,-2.1987445035541704,-3.690891635596051,-4.877664267186772,-6.15843523501636,-7.684842892262933,-10.835626582332154
1978-11,6.68644594450295,7.16007954526853,7.256696612225902,7.403248102518177,7.447689098117941,7.398476728197124,7.471162083342655,7.662667918801759,7.740705765566652,7.751595071298411,-2.535836780650879,-4.17965263901531,-4.791200607113963,-5.5365427484223275,-7.421073467308848,-10.003423683018124
1978-12,6.82287339455833,7.27012904301081,7.576278146755222,7.770824462071918,7.789770445845772,7.654790853562567,7.781035385147767,8.005751928215055,8.122104234718265,8.178289727733997,-2.904532285983491,-4.668744881287249,-5.469326547164949,-6.048446834598759,-7.829750163113705,-9.626790884106285
1979-01,7.05384023657653,7.512488563698909,7.699353078898842,7.880155914228599,7.800663431509722,7.828009063354941,7.929230170568758,8.002862863272902,8.083828827820312,8.195674301770282,-2.2371023240819206,-3.543037460829031,-3.67403818668973,-4.032609514463329,-5.553633673912811,-7.2815029710308625
1979-02,7.09613344467544,7.65890221476838,7.890062550138669,7.96112952496107,7.977616277619845,7.8208202994978535,8.119584668676517,8.111922643624624,8.119590326380433,8.186084948342767,-2.206796750553119,-3.5610263682270915,-3.770629439249019,-4.683246857707321,-6.291802213864743,-8.355463661029926
1979-03,7.20755850853332,7.80904399364272,7.906339469853529,7.9974097058795905,8.067755823556737,7.945066741503162,8.21087232794487,8.184073973448548,8.176590151007872,8.185919995048451,-1.8426580923081195,-3.1856993938988696,-3.37798165221115,-4.035945899887745,-5.288788703173408,-6.852617252864333
1979-04,7.34475955590472,7.98761121597584,7.967138411700061,8.0169392832637,7.967499835119682,8.136434307867596,8.275444626872115,8.278422920088289,8.277887090827413,8.29234813008948,-1.8097850946461298,-3.2328011134106003,-3.6390930549224985,-4.412560405963603,-5.426590917244112,-7.90937372568012
1979-05,7.71643675985231,8.14891817495231,8.103540449221372,8.177060672624847,8.327668185230166,8.222896127639032,8.36100787432644,8.534713644700318,8.4894269509999,8.413304230869016,-1.359528480146051,-2.226358534161278,-2.120916177287749,-2.3623950505952296,-2.774908493078869,-4.301710658680078
1979-06,8.09133603301553,8.44538743409721,8.383663698075008,8.280806466503492,8.330366675207863,8.293041520542197,8.547259776581598,8.72771232625847,8.627614976900546,8.526081159220396,-0.5326459875221108,-0.5624406481968993,-0.3809617733879005,-0.4837711014152646,-0.2688986127732935,-1.0155507192341684
1979-07,8.06845045102109,8.36417990350461,8.308552699448768,8.099267304858977,8.401245402301903,8.330139274857636,8.463778480442123,8.519845184141133,8.464032290873845,8.41224132556772,-1.0501876339166394,-1.3744628942085821,-1.540856196921455,-1.7091702798300208,-2.1565288528191218,-3.5505186637487895
1979-08,8.1683611447226,8.257997202491222,8.085780156215318,8.21553132697166,8.282988880202197,8.138943800938506,8.214652203436621,8.234958537153155,8.091376690862859,8.05684633458867,-1.7666952888192782,-2.676920852473639,-3.1138960652539787,-3.490025026865883,-4.864757321156409,-7.030643856531
1979-09,8.57536616252935,8.28622861570849,7.93235908917406,8.212007401462458,8.36245043801884,8.388032580707815,8.41505902236021,8.505531743368692,8.343598891617177,8.323242668276805,-2.2109264894569094,-3.417868744493113,-3.9583352485892327,-4.17737257045583,-5.307134390970763,-7.588595264774629
1979-10,9.43974384956352,8.85659711487574,8.696459945965042,8.69160972576238,8.08642795774442,8.418844883641803,8.649326532344936,8.701527593028793,8.457635437802082,8.426498493484985,-3.52628632066706,-5.677632560881818,-7.34094904510094,-9.20767031171922,-12.027956610745074,-16.36468180909092
1979-11,9.69591632591941,8.900512470590332,8.014796070616832,8.193031239426304,8.210543790728025,8.543625739698278,8.669588726805642,8.639440797721491,8.428289446848964,8.367126738044519,-2.3495420968001675,-4.526388164999437,-5.42347160542953,-6.809985535668506,-9.958906174433185,-14.00662062032682
1979-12,10.1746613289943,9.340490742058979,8.571406127949619,8.368890733279581,8.550049869689865,8.667079697535414,8.78385384478942,8.778667381680897,8.540665385189584,8.496517720306542,-1.967872793938822,-3.615779580037202,-4.643441630352919,-5.267578364410356,-7.90318411891033,-11.178131225622076
1980-01,9.74959088778083,9.005288215645951,8.011156640089297,8.159234759283322,8.525544299759453,8.752719093613734,8.70527115937334,8.710007201524718,8.59495692908348,8.488533366378675,-2.7405002084293493,-5.416818714577351,-7.19407321955973,-9.15364107116238,-13.4171041825283,-19.95666821974933
1980-02,9.8656989653215,9.244292167812642,8.170732595982997,8.890233696078145,8.832374022210317,8.716586302121485,8.95951798378605,8.922382077635824,8.599359304091124,8.447448241865416,-5.176608162408758,-10.500554676717162,-13.231221449123717,-15.992830841468699,-20.24234925333217,-28.329591524815093
1980-03,9.65170208595084,9.249380771444281,8.18969196419187,8.725720071233333,8.759851233222129,8.648930639511562,8.647194204413971,8.597013665936892,8.866204798844933,8.851217294610791,-5.758689216042018,-10.484900020414651,-12.850158475851519,-14.177254019390789,-19.33861637305186,-25.866938844078724
1980-04,9.79739631062197,9.39015443046453,8.423231224775598,8.740967186160784,8.585295808457069,8.840613637563152,9.118807428347111,8.941605091709306,9.271028429384785,9.092386095362087,-1.1857267423632702,-2.5754975444184716,-3.8397636912124877,-4.659219998550622,-7.54062927906935,-12.33237164353388
1980-05,9.50844665509836,8.970370503236598,8.07161831575132,8.569147058537645,8.39733099385623,8.599086450592885,8.89428019244123,8.91514404655613,9.154822753173079,9.010318058176736,0.3931364451866184,-0.6848700842173017,-1.6541625803346278,-2.875592413522929,-5.752407252833358,-10.27764296739353
1980-06,8.97803342161932,8.413458358749798,8.099327591694493,8.433176003235225,8.142961541658615,8.482467266823207,9.035025377703114,8.898708544130393,8.694326647006775,8.669258876044054,0.03845544362139819,-1.1891207583266699,-2.3042488644217016,-3.425422066359431,-5.600194249870571,-9.83844976747974
1980-07,9.41436753742125,8.632827959740712,8.26566060757185,8.569559485210469,8.390506984932621,8.850769343356234,9.14848882617892,8.939143985941712,8.702475799391735,8.610639881565703,-0.3422123519230169,-1.981405059579119,-3.5950195628670567,-5.2659583368628695,-7.659332714090098,-14.07803982718344
1980-08,10.0246924913105,8.996005719869679,8.652506539752,8.659117841814101,8.757023622609267,8.971304676056391,9.05605313413512,8.8658092206311,8.627205743213054,8.524712461753793,-1.9673389872654212,-4.68736032349112,-7.210667909396918,-10.018070155238957,-14.678528737364838,-18.545337988496392
1980-09,10.4971551051654,9.139301344210262,8.752473905558578,8.58148775988544,8.82212663336282,9.110726790220134,9.17974937195406,9.091962590668103,9.182122214444377,9.097314065203818,-2.653187750125939,-5.472263519627159,-8.189396944605921,-10.351818740286497,-14.887339484060707,-20.9412943710025
1980-10,12.3828834355428,10.8478061861798,10.354926209981503,9.953149224362697,9.6262603177262,10.2621973972864,10.236074312047407,9.873501968544389,9.812810442069903,9.718087300696908,-2.0514725601477988,-3.7915335210478993,-5.730437173541098,-7.831503495812198,-10.69044725275,-16.984955440056794
1980-11,11.2500545673905,10.1916421388161,9.090114679856399,9.597057720967001,9.737060166042355,10.625074939226245,10.146452298104002,9.770118222726197,9.566000907678415,9.44438146626399,-3.8930263126989004,-7.222452985709303,-9.562074994094802,-12.142615673108544,-14.01253770821729,-18.486141708467883
1980-12,11.3083635359978,10.219312914047999,9.3965527835953,9.174186603747302,9.569298206678653,10.51724109014615,9.830784953725889,9.538260143975222,9.721752496187662,9.895689435837326,-2.902198396651702,-4.947231761349503,-7.512710804404099,-9.862987285379154,-12.428435749263103,-17.409564205754386
1981-01,11.7457884240753,10.6874751462373,9.936489264265699,10.485112151362102,10.755712592649097,10.965740771703906,10.927869686748693,10.727707730997906,10.6774841164613,10.811971621757692,-2.8786092535557,-4.547527710820599,-5.842638700414,-6.654529296324203,-8.921134636014196,-13.1690505686421
1981-02,14.4209003302214,13.4946791102914,11.620900468484699,11.593983414555304,10.8521925178377,11.073430179933304,10.9897138401045,11.569604199794895,11.497113855175897,11.099441474187898,-0.17742298619239882,-1.145727085258299,-2.6732542838143996,-4.6712478541680955,-7.868242665399498,-10.838500785735496
1981-03,15.0080699874863,12.915902768564502,11.090978526670199,10.086946776761401,11.0272815597761,11.43020563781051,10.811826298209098,10.901825310292296,11.129106621918083,11.410593299081512,0.37724372688600205,-1.0901023222712993,-3.895923406991896,-5.889832575456204,-8.413227999476794,-10.993653185596
1981-04,10.5758811728278,9.8130020268308,10.005233332954802,9.404752115795198,9.733615336694946,11.107215009734055,10.9855680447194,10.5835795893326,10.527614346868702,10.586118031442695,-4.553003490956,-8.1557628577048,-12.187999698173401,-16.00855909068425,-20.133404272978403,-26.534372112808303
1981-05,8.57723405804998,9.14962484515524,9.538439554654971,9.618760827044532,9.93575793949573,10.434423542848812,10.51561560778098,10.530286583638954,10.559618381046178,10.604699467037918,-5.272570271160861,-9.113088581166389,-12.085313071651559,-15.041354928380727,-17.991300734852135,-22.603277892339683
1981-06,8.3750029151284,9.32690379364256,9.548304109330257,9.264134743596344,9.71727731651739,9.97498751152007,9.989723893889348,10.313497652214508,10.197328038686535,10.322558725967582,-4.752568577201641,-8.734898256001383,-12.405348687387242,-16.03062998363785,-21.379374254830836,-27.9563530653268
1981-07,8.97504031166373,9.90485331522795,10.18317398849841,10.061445758928429,10.167639170332436,10.224993376429943,10.406416991008143,11.134999333453365,11.129550455530989,11.149577238630613,-5.4612184919364495,-9.68661080647964,-13.819163130491809,-17.299477121660775,-22.93904233702449,-29.868248295204026
1981-08,10.9633447071351,11.372527875977699,11.182425427719895,11.564425868451309,11.749109617319995,10.938706774997392,10.169795033936907,9.843794026957696,9.870947615834908,10.377123913030104,-4.5894287816017005,-8.806313056379,-11.843102815593596,-14.728910286252301,-21.100622882087208,-32.5352165627776
1981-09,11.7924890943362,11.5715496750598,11.2986211848642,10.9845484290434,11.460673334494402,11.365323571454006,11.175277791543294,11.072701052752691,11.177374912962108,11.676746891864909,-3.9904465082508,-8.5676829674172,-12.852259135680603,-16.585200223968197,-22.0786058717981,-32.7182658354444
1981-10,12.8992787463276,12.094987170881602,11.892052876855896,11.727326639997301,11.3462713475921,12.010944118679504,11.905286631794695,11.8186150292793,11.975006237543994,12.200855302609,-1.8190456745098977,-4.027045957707701,-6.018946795298401,-9.057512188067898,-14.818225418904891,-18.859962190352608
1981-11,14.084668451515,12.419541352866801,11.936679729352498,12.317600845056099,11.5362392677321,11.105210004706905,10.8691758322949,11.052494688674102,11.33243407595019,12.046751177818408,1.163487389980201,0.8106548879654998,0.540484105523996,-1.2110854992185036,-3.3936163110766984,-8.640138513325994
1981-12,13.1215113106997,11.4415861482931,11.739665646801896,11.919574687653707,11.394796683422094,11.5186778243339,11.684783021660294,11.345251502628116,11.10679600820309,11.597167596253101,-1.6100137249101003,-3.4448463609636004,-5.117147043361296,-7.7208951720292,-10.753150321225203,-17.6526473304051
1982-01,13.566084399793,11.605407721530598,11.780223140955503,11.567603188559296,11.803304793771602,12.356911004371,12.343290630520599,12.111690312694407,12.010098458629798,11.948935781194194,-1.9639515934863017,-3.846173044568298,-5.999653424938103,-7.920833478667403,-9.856795408187992,-15.681775844453497
1982-02,13.6721020964838,12.5892045675506,13.121510613111404,12.850186088191393,12.492210397010808,12.767928434258394,12.418315284120297,12.306775396499702,12.411326968874704,12.541063121612908,-0.9280846497449993,-1.5340491438553983,-2.136903193614705,-3.0714880045229958,-4.096090971130499,-6.775528080679896
1982-03,12.5386590416785,12.558324575827502,12.892767861481996,13.021190728240406,12.30776656137909,12.45766079866111,12.358089852222491,11.901254296027304,11.76260626916131,12.25582355730829,-1.1698408518139978,-2.032314154780103,-2.8244552371021943,-4.304173886972205,-6.061864243373002,-10.404633731869088
1982-04,14.3660055177868,13.607992699703601,13.4369889562638,13.554174729205798,12.639181138267993,13.578447098479614,13.3006254636867,12.583482084364888,12.214172259422298,12.550527700120512,0.37444139663490184,0.3302580255198002,0.5246535047254977,0.21078608823760092,0.7091240134709071,-1.4184835191564868
1982-05,14.4221951163161,13.3789578646605,12.590985317529704,12.891799796224895,12.285370912045806,11.614614045055404,12.155446212482687,12.164113950045703,11.987021426682205,12.464569916590989,0.7447480588782991,-0.16331466257499905,-0.6066157852234024,-1.6280144614910999,-3.674517607364006,-7.595722026080708
1982-06,14.0794723708442,13.53063378813,12.9345851749822,13.342558612768002,12.876720476158589,12.436735200443806,12.939422342532595,12.538670969068605,11.9322699157634,11.833805459987616,-0.43839216092090005,-1.6497916822559997,-2.4653515315905956,-3.3448964443392075,-5.167583681488402,-9.940198623190497
1982-07,15.3660718071644,14.4085663030416,14.193998082940595,13.647953161501405,12.906217895569498,13.364757687232313,13.360835208211995,13.56283185981819,13.419665917764306,13.175492219519697,1.9964150923353987,3.0621852141633994,3.0532975032546013,3.3090308168846985,3.042059415265207,2.5828090713069987
1982-08,15.9619566575794,15.399309702497199,14.601215627665901,14.6349170879787,13.637294502844298,13.842919901924901,14.615060985898609,13.89510747314219,13.016290777472307,12.451018415081506,4.461733911387398,6.7720984210859,8.6709301518518,10.032098537412095,12.691750284122405,13.65231385188869
1982-09,15.5619961833106,15.875857644030601,15.2691245973068,15.193614422781998,14.0762614122905,13.957745598536704,14.71738901862301,14.87616736229019,14.972926440312804,14.885985991247793,5.748433363332202,9.152755571049603,12.1905017965149,14.240198336403502,18.958380163519408,27.55763048407829
1982-10,13.9140328453915,14.100053160053701,13.719227477588,14.3848367403616,13.817009775040198,15.859934206271006,14.0992641607684,12.89637298437519,13.040576195736406,12.419694243205996,4.89490914164155,8.128632836550022,11.335100402420998,14.489071086111897,21.182197314826503,26.125661551350102
1982-11,11.2560539628866,12.289512231367201,12.587771627497602,13.2878088724746,11.910996406464001,12.245920242395997,13.395330177375001,12.840855844939,13.442016122377993,12.999668653046015,3.109529538846312,5.386063990230143,7.758011410711905,8.372402800435001,10.781189896809998,14.865612169429513
1982-12,13.0515998732032,13.5744982828554,13.591875370051401,13.998544812089996,13.258835131828,12.976880863362197,13.49327999040031,13.471452474531091,13.983979651332803,13.777210786490613,4.85111799465602,8.43831551736918,11.676566334773568,14.198510017640796,17.8399645265771,25.02748055198891
1983-01,13.5693593150169,13.662444592037499,13.721083568929103,13.724484847500896,12.738442230278103,13.89772133413409,13.954334385468002,13.869157318037807,14.072213285278096,13.190495346740505,4.824417224912219,8.39437773225214,11.253955533106977,13.377470927137997,17.100295124385898,22.399757164314416
1983-02,13.5172892172956,13.727475107221801,13.453040137950698,13.426795207919099,13.31269066308181,12.898156021904384,13.237282582661805,13.212161132138405,13.4891588817365,13.303537193882889,5.2157498936534115,8.827031226803781,11.91676196631556,14.751752724897566,18.893477702896995,24.40299043755509
1983-03,13.7281654276415,13.755241164448101,13.813331810562495,13.787485211249106,12.98560242720579,13.58783858007861,13.331809123723488,13.433781869332506,13.496862617936998,11.195108606440414,4.606650431132952,8.277298724395658,11.538393622880474,13.710509593196695,18.417369841868197,22.295895027615607
1983-04,13.2335513030687,13.481172327378902,13.359779250000102,12.953048554755895,12.525367064029403,13.855367572903603,13.367964466458105,12.65856559951169,13.449259510565298,11.967634059504306,4.851730144383952,8.452172136898021,11.229766179678938,13.295587856620942,18.652271865857607,23.642725033221694
1983-05,12.6342098057822,13.499048038983,13.335100918873298,13.3067695883135,12.680698629802002,13.135864773609,13.262698884486596,12.924131446491998,14.350079381057014,11.553330847824398,4.32541844957618,7.300453512264781,9.917384267999996,11.608780851123393,15.259984522727793,20.573901164225603
1983-06,13.9690259490509,14.145984696317301,14.158118462102593,13.75626538890721,12.791618951174996,14.407225828950601,13.316481975630793,13.180667673782409,14.580211637108505,10.227820237098683,4.631886839238481,8.286582403095496,11.149375747140702,12.742904854014503,17.834868459636297,22.2249933764699
1983-07,12.4121512107062,13.128227961112598,13.6568408724102,12.650484581939402,12.0837874286646,14.908776868399201,13.187907876810499,13.483339537072496,13.945992927177414,9.964209989943384,2.9676892172223983,5.3384201583873985,6.326061476937101,6.163677281033596,10.697145147721503,12.376887817251193
1983-08,10.9375757911098,12.2908511179674,12.7360853572128,12.276126117284,12.018325974412498,13.780003166700695,10.529777945733201,12.565582677410006,15.30649247478651,8.976123695654081,2.0307351722315996,3.3604424020389967,3.6558128388494016,3.6218173643366995,3.5577615718009934,5.277423553482592
1983-09,10.1274242806984,11.8648023895894,12.1558681973167,12.026564872401899,10.3101431987996,13.646809591244207,9.987464575415785,11.57032128004441,14.578043617831696,8.101198155081903,2.2449678007986105,3.544878403514499,4.202018778653299,2.7722610146679987,2.850251539678194,3.618533891815998
1983-10,9.20514401841215,10.485503782679528,11.178369174490623,10.663039091349301,9.897040759984904,13.369031378339898,8.837206556336398,11.143170728493601,13.432801901963998,5.349305518597589,0.9592828472670387,1.0904483889469514,0.13990920465775325,-2.0131490204912463,-3.6362374193361493,-8.413488988865955
1983-11,9.17998269252089,10.311237176113769,10.91586145199284,11.296605016740905,10.620547971147602,12.611915352248396,9.804455839947096,12.1726007257693,13.221061782027093,5.126775759813114,0.6486545576677685,0.5645609568880072,0.429092703125713,-1.0714175305708853,-2.1367416832363926,-6.089735048950095
1983-12,8.72338028819938,10.00467784733824,10.760293994685608,10.736891448960776,10.553096055705495,12.275610289120706,9.603745178597102,12.05697148267349,12.384410225672099,4.859489794960112,0.14041707107918988,-0.32860311653215213,-1.1155941363846775,-2.7144472083366775,-4.804764412929284,-10.70211287917328
1984-01,8.83802736712528,10.15112306158918,10.86490704664606,10.61492683624708,11.205153673286397,12.924077849067807,10.5661609687198,13.119877599107994,12.1463653423001,5.748859991245311,0.5508126623558702,0.41476520528544114,-0.27574460616768093,-0.8687382892916844,-1.2272496499786865,-5.173499664468187
1984-02,8.51172521356839,9.841758804800332,10.337064468407316,10.4776999044998,10.525435421772855,11.468278204793911,9.793112980537693,12.822434183814096,11.87979730874791,5.308943369339701,-0.14414837440569883,-1.1855624210081537,-2.3453830436063505,-4.288336239629292,-7.489952976733083,-13.15244603314119
1984-03,9.14859073331515,10.14268351729979,10.526390312764288,10.813486456889574,10.858873026275695,11.3539144288549,10.009603755262802,13.013363748808203,11.224260403891492,6.203542898237103,-0.47801278086500965,-1.7994280791837198,-3.1445158124025454,-4.880406938088253,-9.00847764937735,-15.82099210696045
1984-04,8.62944218299495,9.759337257486031,10.17545451197498,10.459545387087399,10.91912179784839,10.947526232276651,9.9017013367678,12.919856101234203,10.263448564215196,5.627666620211301,-0.9657361619450686,-2.956631871585987,-4.981170787021588,-6.9449312575704045,-12.218884251550945,-21.349508991925255
1984-05,9.17362958940682,10.360065856184699,10.689838832578282,10.989302046678603,11.050197193680091,11.697162792811106,10.504423973256891,12.99912941156991,10.010071649048797,7.729964674772802,-1.4750174972334005,-4.048415064901217,-6.7532363680805165,-9.552910485272324,-15.568140152579923,-25.668201491751717
1984-06,9.51409785707882,10.503422898245582,10.893472044861998,11.198089844301201,11.167754436457898,11.463989762501697,10.675250043412603,13.431226514645004,9.49209807309839,7.959563835608819,-1.4020437267684187,-4.054851617140818,-6.499159439497619,-9.014162423145725,-14.689713944686416,-24.381895114773506
1984-07,10.1605387438902,11.2861099312452,11.662843263389696,12.246171624568106,11.934473760889801,11.628743117631998,11.966239391340892,13.880535554596108,9.867024838726593,9.72244808123041,-0.2714356636427997,-1.3964740523360994,-1.6321138472499968,-2.370671640398399,-4.490083546945506,-8.761072379717094
1984-08,10.2601159457358,11.406378127405402,11.9807556804736,12.052321448925198,12.4660860621915,11.907750842778107,12.331485221728585,13.067304771531411,9.729746872909004,9.313273811350399,-0.17486594969609826,-0.8679275772126012,-1.2937005052281982,-1.5567855767103005,-2.676339128558599,-7.718856569210496
1984-09,9.61983458879079,10.855957594600811,11.3694244972631,11.739900962784901,11.969224947361397,11.587058694288402,11.99018126336189,12.93441209546711,8.556687341991193,9.461065755505402,-0.24667865964308788,-1.1907786753568885,-1.775938301235085,-2.208812370202592,-3.5361792909990957,-8.313323039123004
1984-10,9.52622093541249,11.04720363281071,11.613578275638499,12.0500989851339,11.939133912214395,11.890192421306807,12.335581835325613,13.044472188726388,9.322475694532997,10.76023037949021,0.8992648263624101,1.0272797598802086,1.4296579036067083,1.7000002716583076,2.2494387275711176,0.901408741271819
1984-11,9.662582618446,10.9999550527726,11.432073270503196,12.121058204844203,11.801782980658999,11.679912364201996,12.069229832035901,12.341608946005906,10.062592855281409,10.240440077401786,1.5767467698975501,1.9110161742641996,2.719122909065799,2.2941866011446006,2.207842009404306,0.6007316843135015
1984-12,9.86426077625905,11.229314182296951,11.523882468813301,12.151949127657495,11.937139328292204,12.032533344018198,12.651866315200195,12.480162244333002,10.0661914100165,10.442717930083106,2.151208082751401,2.9368222597815894,3.74458386890635,3.6517616569927576,3.812634246362755,2.1469355022749568
1985-01,9.60031039923331,11.00095450371649,11.305436647700198,11.798147356410404,12.029007191642101,11.819742986832509,12.514576789089688,12.348763844853707,10.098012313199504,10.702063946906094,2.11023369736324,2.8488774390968317,3.6080242963485922,4.061755202127193,5.065118397098793,4.52162754052139
1985-02,9.98590717920603,11.378478515009771,11.637520527098001,12.468388617795796,12.3586119882984,12.104395934136996,12.643212399523605,12.140548716760208,10.88990680202599,11.408264591530198,1.7320185884282804,2.253993861644968,2.9700246179890666,2.883365081124369,2.7179631771663733,1.3609366486790755
1985-03,10.6206962981648,11.847805611082999,12.158574190108403,12.5947641519614,12.688847939073895,12.802740956332912,13.288216638873791,12.747515960023406,11.217948909622692,11.741804793732697,2.3995551361008385,3.5358156727397994,4.708282901991604,5.142904547809893,6.590342901057596,7.544519191259594
1985-04,10.7250734194311,12.166350221615899,12.484084302523001,12.882882268397204,13.1930206078978,12.930159955127195,13.509231621559493,12.800239350880304,11.632125053595217,12.20881291303678,3.2112685079798293,4.996268816243738,6.726750875202704,8.017228470830299,9.907324080029403,11.242453447093203
1985-05,11.8350833534181,13.2632364002461,13.694123349857904,13.849871310871897,14.369125497858,13.84769093551759,13.9404921397565,13.805452495033904,13.093282439772892,13.087458159188117,5.27486604035321,9.301072642067162,13.03958369089402,16.25756255274062,22.092725959897393,30.512922012248097
1985-06,11.905466625014,13.546279935234399,13.642397666658002,13.682757420106,13.812694423229594,14.00209690422541,13.782806944165785,13.601818880444412,13.190443768829084,12.95217176736432,5.821898989989268,9.90481308215808,13.452068200557802,16.41545663185076,21.0615737117566,29.83670772392029
1985-07,11.557545594888,12.787881652083,12.481811419482,12.673031554038204,12.7733559998413,12.941038415678705,13.157584328117991,12.591507438938805,11.991905540267894,12.083137956562098,4.67962333324666,7.387253765754741,9.550574861440674,10.9318125980047,13.712630475047401,18.412386357507494
1985-08,11.5812440771015,12.6738173079901,12.478094376940795,12.729171133673603,12.687445176652005,12.671344439702992,12.888202285379904,12.263483844771102,12.0011567662917,11.821676057187304,4.712681885035071,7.599405873841338,9.976381594169728,11.780021757260265,14.8529894465718,20.260077100986397
1985-09,11.1026362542439,12.3135245129769,12.325060588663096,12.402099016328904,12.427737276210706,12.476869602236093,12.496490289713094,11.705930389808103,11.526888261566413,11.4490641168248,4.316078433641819,7.157675944131318,9.461009509862377,10.871385526517006,13.392774930580993,16.936974719563608
1985-10,10.1479388064483,11.4855633421207,11.647720841407398,11.6687915441628,11.6839585629358,11.9923772377838,12.242041092846904,10.995366087651902,11.237801068550084,10.592556293325302,3.573715446095891,6.01427890577002,7.851509452701869,9.141647931462343,11.297451921505926,14.22407281165148
1985-11,9.42320828287505,11.09780386613655,11.312951470042602,12.226719288580199,11.483913926756095,12.351572861222103,12.724504237311706,10.481222565249297,11.046025401218898,10.369229806069498,3.3217803505451,5.801865221349171,8.641872694930301,10.07066143414205,14.263803894912108,16.931882630646648
1985-12,9.07810609954555,10.738268291783111,11.344187518532738,12.029961540205797,11.5919861574748,12.931540912373592,12.916529450854611,10.108143742630602,11.630097135035186,10.55690479264102,3.1659622557082914,6.333082948461607,9.551786087617215,11.805381849474324,18.477717018596913,23.19172941925831
1986-01,8.89072080635325,10.566792905966608,11.03900049915864,11.575276285863502,11.090355549832502,12.240601031118103,12.011576464922797,9.0354009309046,12.6453535657093,10.424603759789704,2.9933740889545177,5.8066320790196695,8.568472546457752,10.366319175051128,15.117083664051966,18.68905979929717
1986-02,9.64645992658149,11.11554525388131,11.7523578614517,12.4452715251631,11.780410488898902,13.132599748719691,12.796173645290807,10.159052011414602,12.840520982098298,10.90392094889009,3.74295839692829,7.599502409380191,11.920996154634128,15.550955385311209,24.316354971777976,34.27614120931535
1986-03,9.44825047498216,11.022313653469439,11.422296922709599,12.254226293255606,11.544277747493695,13.099241494465304,12.088716556431905,10.150154782980294,12.514222033764597,10.993005730830404,4.254753366641159,8.554747573648738,13.240822989726404,17.06958414306326,27.00476008117592,38.368864425106054
1986-04,8.95508171363607,10.699083994259091,11.152400209438241,11.9025430122702,11.314129214498905,13.23516675298869,11.566619620728801,11.099886649488809,12.639541680230892,10.25368502678829,4.165681253620781,8.05455842172433,12.370581209896892,15.963089107589315,25.301948952082665,36.69143035177858
1986-05,7.98837035989289,9.667916748143949,10.111360262045043,11.151146636011397,9.893254413353077,12.059765254764244,10.04168069195211,9.812103856589289,11.712212493102797,9.850171163931194,2.8325249272417583,5.085438204597132,7.672281520489858,8.795044656092262,14.181250394592338,20.9965095397121
1986-06,7.72438094524513,9.559483574489189,10.135502301706278,10.849305991936646,10.507679218832756,12.631107549652597,9.647863695751596,9.65654268397381,11.664894024748705,9.858334395817295,3.0938369712484084,5.973076517629709,8.830661571220753,11.285900398782987,18.087024260034383,26.12724498698718
1986-07,8.10825831883634,9.774180986973919,10.50971045835227,11.392118263277272,10.565522728937204,12.752282137816799,9.679567357235392,10.75083192321641,11.536395772856906,10.060704540682494,3.541692329327259,7.06512897135365,10.777377340148579,13.443529219704144,20.08482408115671,28.334294965814205
1986-08,7.96113542295503,9.59137038813453,10.35219541334521,10.883805013561467,10.389477567919315,12.097101467852049,9.164500956616394,10.669231558250402,10.845496498968714,10.586941196104888,4.079645611048591,8.03752490503208,11.879291953354358,14.9916449490272,21.53412524892542,30.183696617244046
1986-09,7.99744607933508,9.4834630781736,10.098765450597842,11.017361259556075,10.536361049161002,11.915609438724204,9.484230223131902,10.926223802309892,10.727228953774897,11.3306540077635,3.6848562880637807,6.828385149559963,10.215452973779037,12.71994165182636,18.09072072709644,26.55292631491671
1986-10,7.91184789602481,9.207157381733271,9.831560997230948,10.393820084175331,10.526184930317342,11.552429410269774,9.058260894919407,10.565575156360879,10.275266508101453,11.103780066274794,3.4661068528419117,6.704359208625322,9.848648627210522,12.838677529007814,17.49244314678924,25.32649887923216
1986-11,7.77602351559145,8.832866599238528,9.386711814999071,10.055125187544348,10.18283428134135,10.700100356422396,8.76122772731025,10.31664656096956,10.150524748523353,10.90932292355069,3.074025767398309,5.987655295781081,9.112038202694977,11.953739576354536,15.96982585318197,23.715676228696985
1986-12,7.57230603607482,8.17706682577942,8.811258401050189,9.338390395617694,9.367872483707323,9.80786271039829,7.828090546495574,9.286073309515011,10.466969413634828,10.607605999737359,2.1501694237239812,4.295102379708552,6.6198230117553925,8.647378862574229,11.108627624185747,17.68819126170078
1987-01,7.57341881701209,8.22574250909349,8.813435818425418,9.292508921239122,9.594166692468285,9.907246314571779,8.22589187084077,10.1563490481212,10.151141202196428,10.387714187721826,2.3108039732376398,4.602224984915209,6.972356535924489,9.274884198906632,12.536055766602765,19.53879588183054
1987-02,7.37258685695302,7.8958138489998,8.123777779909163,8.150451258221818,8.641929695768301,8.52144411177543,6.73441425843626,8.668408381080923,8.540885065348448,8.822774388631728,1.9168265654789094,3.4918936590418808,4.70699069285606,6.151260266116284,6.62168311481433,9.17191704325305
1987-03,6.76756028682828,7.12230271570202,7.56815087717794,7.715516594156838,7.839827215423519,7.4129548973610255,6.028093666700215,8.18781900169376,8.07736553525119,7.86764655828641,0.9320401563496095,1.6751084347303182,2.2241205228829974,2.57953642855576,0.4345696682516422,0.22233176573509894
1987-04,6.53340274063831,7.26352304133469,7.586520224097642,7.721621316806477,7.903562671058381,7.55936385816576,6.961859185889757,7.826178004192499,7.815594766729831,7.698404207051553,0.44515500650055984,0.26585082916722946,-0.15146786307806082,-0.5441117249642904,-2.834553652485014,-5.1820619061925
1987-05,6.83539182090219,7.858446984689669,8.564303320118672,8.770491277750669,8.4955139741841,8.219726234032173,7.652760411598649,8.446637756139964,8.459830200764912,8.026468108761392,0.7830300955242793,1.2029146792834604,1.540336758707599,1.5833343369372699,0.3606053272363141,-1.6810163515604373
1987-06,6.46564660324078,7.25626275532498,7.991720938345601,8.052440391270519,7.964522584264369,7.51332479988843,7.172829125972491,7.906469396909387,8.060251854705136,7.601773759890406,0.4146352326793403,0.5572240839798388,0.24945670581593937,-0.23031316131436785,-2.716908647421193,-6.108461901251119
1987-07,6.23248865764666,6.9862738163258795,7.679869894482341,7.89937084938164,8.09227747216848,7.698277161431143,7.526354705659358,8.370386143883216,8.201720502555744,8.225499600359342,0.11989608337504976,-0.20906630456549813,-0.89652428663846,-1.3455002731087378,-4.045416183611639,-7.205588481365553
1987-08,5.51172477708594,6.39431611936172,7.042037965239189,7.277124572246471,7.850935646567432,6.868186478002791,7.822971350516589,7.748235090121945,7.880891444366846,7.963718107727075,-0.7904188095696698,-2.133211936227551,-3.772517578573371,-4.654936036501868,-8.410364934250907,-13.826262973106955
1987-09,5.79860679010982,6.95523658910166,7.630293435337,8.031872371113678,8.21160673794419,7.817453848641833,7.976191961487395,8.223365163551385,8.322344050989251,8.559143974131686,-0.8778328802340898,-2.2932795409908593,-3.842120952193473,-5.127769333647149,-9.091328009708256,-14.475170846414095
1987-10,5.74105052889136,6.59330864144754,7.249530665590129,7.53615602852005,8.135942951502674,7.820981735905086,7.863765645436835,8.095480102933443,8.15132024992392,8.466855640763356,-0.37558722510067,-1.4167833174345912,-2.681775852369509,-3.7256593074368114,-6.588402490298106,-10.086358392491526
1987-11,5.75884083184022,6.473082286616299,6.930742280630453,7.341132907681789,7.678168776572239,7.7670730303329805,7.931839548346765,7.938633558446853,7.760170750734957,8.353275306811042,-0.5717722146990107,-1.9533375657283898,-3.268890666067496,-4.708983421477744,-7.859401596586788,-12.740239079459904
1987-12,6.02689740205544,6.66632544506562,7.013669763570849,7.3403166328884915,7.453831295881248,7.72087319940109,8.035156452023003,7.817055113494739,7.928873519854413,8.436961954119312,-0.48970362928122935,-1.6635356652557078,-2.8467363803531587,-4.23905133693163,-6.7932569054124645,-10.947024841880271
1988-01,5.91493853585585,6.522014806747849,6.922377370229841,7.2916390294861415,7.402740602180117,7.4692260155363,7.875574765163435,7.8279428597023895,7.988946697945849,8.471691122979223,-0.20465304897296033,-0.8225146558600889,-1.3735340610305986,-2.1146155603220107,-3.975191131710198,-6.324999734310516
1988-02,5.97898728352089,6.54871068634619,6.935354224407639,7.197660122508079,7.429705526041403,7.355729995472238,7.6867426787772075,7.793314182261234,8.001777045583943,8.28883190253407,-0.037690786976869894,-0.5429297667993085,-1.091125532254841,-1.6512146623028103,-3.4904306963535827,-6.160140770551969
1988-03,6.19026255935241,6.825082598797231,7.166504506004161,7.484411309750758,7.668304592080542,7.917710732284817,8.151935253419857,7.872110530171746,8.321023214156298,8.461291134640078,0.022582964258050175,-0.5933658248786697,-1.2734793451352093,-2.206173170340068,-3.9768147602028563,-7.22457054897122
1988-04,6.81836803483413,7.7658244014309705,8.13894000905177,8.296206532944609,8.392537017235774,8.419127954340468,8.534085698046702,8.90839972618894,8.245199807445715,9.00016469201121,0.6932648280859706,0.7195995522940795,0.5686106764575412,0.1395813502149652,-1.1305883359115274,-3.6942120258138704
1988-05,7.07541688916539,8.14441873635949,8.433069198326532,8.45251639595443,8.676406656913308,8.41880899841847,8.821900449286083,9.261260613546703,8.89139668163024,9.012747131700664,0.5566623167804794,0.41929295692130175,0.13281098615097253,-0.3414452116566382,-1.773352820230385,-4.128895940673027
1988-06,6.84162752264564,7.849132087045101,8.360207769434421,8.444292451394677,8.59960552917111,8.573143882796636,8.959118550813074,9.20515520274526,8.795774511776514,9.075904626391264,0.39065305497861047,0.472989654146061,0.5208077452369082,0.43289003817778493,0.0029933231286634054,-0.9660675380192778
1988-07,6.86637773295083,8.00883228242289,8.586828831454602,8.541253458638757,8.91704913540132,9.007498642192083,9.224244920454169,9.303116553714311,9.43041707038374,9.380461256651898,0.15688978138649912,0.11024196928999075,0.02142439505565985,0.028360893212092897,-0.1698125602974594,-0.9800101445204357
1988-08,7.18473492893139,8.38483109189707,8.916430214592289,8.73335410449593,9.077570719949769,9.369016006318645,9.737642288297167,9.818116031685733,9.452984361089023,9.711176647109681,0.16369654231309116,0.21389706526148,0.1636504904746987,0.06332186928654426,0.674774223468634,1.1010608872683685
1988-09,7.83306946933575,9.04574009609377,9.580713782316291,9.497255119397867,9.595520148844372,10.161684337345967,10.126469729843173,10.226719892854646,10.135506402680335,10.165287211957931,0.9850851704366805,2.0589140987184402,3.161685632875126,4.001606658805707,6.439668121133622,9.729869166696485
1988-10,6.96889586654821,8.290726757924052,8.80114856345497,9.179826406569973,9.013908901300795,9.53358166290242,9.96467890420287,9.213520712134795,9.03341227947648,9.286009506849837,0.37121401126424125,0.911837671630999,1.865378979702304,2.6133528562935906,4.6770598020388965,5.539272832608424
1988-11,7.04485450131531,8.31230763165983,8.656686008020898,9.118261531982483,9.19728154184898,9.652049211939818,10.014653702537402,9.554490853646158,9.363772542682412,9.532925322138013,-0.23411262651154985,-0.4118088443128318,0.05418459947942367,0.44371819310630833,1.9630733534192117,3.1990628624684856
1988-12,7.15602907434685,8.18750179954533,8.523517347985942,8.846146252459718,8.876361347427114,9.433873872477811,9.706668405789515,9.289384603360602,9.340605514786148,9.401945039819381,-0.7003039469115704,-1.2406202800765103,-1.4374982452311018,-1.4386299366440172,-0.48832555631937336,0.7817430834177896
1989-01,6.72666785572081,7.54023897711697,7.842658434656652,8.143822101471528,8.232939731948392,8.972436620139526,9.136725490530516,8.820671440022409,8.680992352674863,8.845955299993733,-1.3457035630838101,-2.4774044551900785,-3.2612549631512318,-3.80525186966186,-3.387043830475654,-3.0396057246570427
1989-02,6.58640147332306,7.440593204230079,7.745855887963609,7.989794656089373,8.187399782666333,8.694288925633884,9.105906789955249,8.871788575152088,8.775937839470302,8.93810186646543,-1.8765301333185507,-3.526925691691109,-4.799552237584529,-5.760549883693371,-6.1537908825461285,-6.375725737652011
1989-03,6.80249963453918,7.78245329514088,8.164524830007299,8.6009984172854,8.623686058394089,9.216601517173373,9.530401412620733,9.196241180102561,9.175538075013193,9.30144049443119,-1.8053237191950897,-3.1685748909374416,-3.93725667613995,-4.416663253459493,-3.386963629583062,-1.9857656017974081
1989-04,7.072559573345,8.11260528484366,8.447195408781148,8.821566343478349,8.79530324338564,9.428080095128024,9.760905552062866,9.397943144138907,9.558539219346443,9.624631732418166,-0.9571834735642497,-1.5652496427741296,-1.5925893720549738,-1.5839539198387982,-0.08621486932959499,2.274984143724531
1989-05,7.58775641957901,8.570438558185709,8.738998366724761,9.15066285472092,9.127094391017103,9.545522665261196,9.969687346856666,9.798068776216716,9.753191424246864,9.78525483483726,-0.1986502503062315,-0.02021132914807211,0.5775790797819624,1.278673119559576,3.983513086558677,8.103848396349052
1989-06,7.45847903206649,8.27787117026697,8.396474360303829,8.687523236230234,8.685477317523329,9.276681831135505,9.433550975311249,9.23861653369832,9.373727693051421,9.320520367299437,0.16594955788685972,0.7261644526054809,1.5305970484707423,2.209325270284639,4.753353709015913,8.439334792936922
1989-07,7.85194250103639,8.63347664355111,8.630071032873087,8.910112637244893,8.948099493745374,9.481817522410424,9.733585279409183,9.556281014826652,9.634326170737097,9.580233722371489,1.0072820543014593,2.3199370016064567,3.8003028600542885,5.339290613829741,8.871079497321352,13.465077890865496
1989-08,8.22113454958398,8.866229691643902,8.78360067928271,9.177899341137927,9.065722259859882,9.429483680573838,9.495593344074194,9.533678268829973,9.52671876318054,9.562089081986159,0.6173701588565912,1.1454924109858133,2.206159158118618,3.1961348903321003,5.7627133775209884,10.014655149666691
1989-09,8.06065492565709,8.506884854034531,8.394483585241183,8.755599122913793,8.694534683487753,9.155557921373472,9.036155654764123,9.03735267064701,9.163804136518905,9.264050599891945,0.14562675949529158,0.27391712547417235,0.792895305886006,1.2989760299191797,2.960447780932032,6.093694721204008
1989-10,7.91951274665981,8.26052490308821,8.226285098498668,8.265935024709513,8.4242544104792,9.010299210880781,8.880605333299762,8.855990141739177,8.934133992852637,9.001668497069332,0.43680394096019004,0.9397695511879798,1.454118951970302,2.064389397147351,3.982673106166474,7.18662738657204
1989-11,8.54642025817138,8.834382225822178,8.65226808819023,8.807747948222094,8.866244019850072,9.281103734314243,9.026256543441598,9.055872460416765,9.133070205558951,9.214124151016193,1.1685861279856784,2.2023211161780676,3.3439019102835417,4.445127599273775,7.006685924780651,10.698764163211717
1989-12,8.8878057464569,9.06383368115088,9.04302421761431,8.87749303884003,8.906100495870632,9.284137402072048,9.105376042850885,8.950076208263674,8.706414267114411,8.659277231734634,1.2638432275464506,2.5086090125566916,3.6024312282217092,4.702564413938687,6.957242535335485,9.385766129138736
1990-01,8.88594254020078,8.974359326762919,8.927672609432683,8.776936638459016,8.656459370999755,9.034494700484082,8.631882761740037,8.758670468982324,8.609627756150033,8.51210269367958,0.9015780210548581,1.558349931079782,2.0951992423008665,2.3916516599980113,3.2105384417928367,3.6986556525368446
1990-02,9.31712333754863,9.39625144633617,9.262421201982793,9.14839742877517,8.966461422885445,9.22697529155645,8.990654985222982,8.95363726038093,8.863470890589795,8.813617545643737,1.3335765124153092,2.132922520171361,2.9112587034296027,3.3021933131791705,4.4892503543954,5.630356262064659
1990-03,9.58777701433597,9.52777600174965,9.369680202487906,9.103092635713637,9.087340036663235,8.62996326925444,8.749590779915032,8.854442856938377,8.667988084907876,8.542471930405867,1.2307690199643808,1.9229329264422983,2.4401022463187143,2.895065849819229,3.174512947064379,3.667059663819325
1990-04,9.06978875840791,9.055261577991029,8.848906072759192,8.786667791169467,8.828490142551004,8.862756454130682,8.790358906934799,8.76717955251808,8.662376623396511,8.609862178788418,0.5089157790720087,0.3339113512969796,0.2070273010279866,-0.02725149324470344,-0.2975637687233057,-0.921994727981259
1990-05,8.76908880849194,8.5605594455666,8.55287244579089,8.426000351239487,8.566914815967479,8.24345522915128,8.364830288175497,8.4442392342701,8.407110203064875,8.38211123731655,0.4543135411821595,0.4748199280581087,0.43854214645076794,0.3584359895974174,-0.27623111012377244,-0.6825963925249745
1990-06,8.11192161238011,7.83625946558521,7.883090640364973,8.006749095709427,7.874535333046278,8.291669034669205,8.07246589118607,8.083784498095923,8.090633120846178,8.122322899437421,-0.11696562985304038,-0.4539251101693189,-0.7656455037359517,-1.3287247434658287,-1.9156885268716195,-2.904095852653386
1990-07,7.62619458924965,7.317416085568091,7.42974677879706,7.409111739969919,7.58388183047553,8.099732087852473,7.867512996001146,8.103405104776371,8.205924413613566,8.321827390300697,-0.34446460211421925,-0.8358311605061095,-1.4653176756568183,-2.17426165446524,-3.018464245586805,-4.209528082257661
1990-08,8.24885953278731,8.255478427153488,8.117232594005124,8.075746527646395,8.028715389402734,8.329783148056414,8.109678289886432,8.143327270694662,8.117538781269872,8.077538100072573,0.47754599482857785,0.3947690606309102,0.008748700160426282,-0.9138020032424183,-2.4828365706249205,-5.756017078430656
1990-09,8.36125809453924,8.2661932192623,8.236620942501961,8.188453959454577,8.011721435933268,8.51852038919148,8.099641906518855,8.130634219859516,8.101684340407516,8.088550824012088,0.5892065471844301,0.7235151224312215,0.5360227215718698,-0.3856606872525319,-1.759145099503895,-4.954704366104188
1990-10,7.82372096212802,7.72331948827088,7.751585623927188,7.813983965302153,7.85049259739446,8.122128237766958,7.770762872976107,7.8766423760744715,7.940433102205006,8.028085800003254,0.29593748267787934,0.1853737943992293,-0.18564488532402823,-0.9835618215418824,-2.7813270840738937,-6.37670593332683
1990-11,7.6657960978365,7.6185330999978405,7.66616715411662,7.765018330859839,7.792041917085498,7.953760035163462,7.790707022063984,7.917925065702335,8.002356490794526,8.140128377914095,0.3099607779586906,0.3769459722752604,0.338922073269468,-0.19219366394332038,-1.3683252716812353,-3.390652896647131
1990-12,7.79999045360443,7.7982584326040705,7.78367082317501,7.805967310153651,7.735769450579436,8.3990658729467,7.909643381612632,7.936121431491429,8.04147930020541,8.241964224834632,0.8989028462990705,1.3479009573210394,1.4363875546623817,0.9986048308981701,0.465583404674323,-1.0698410323186582
1991-01,8.07278130570806,8.27090069940776,8.240087327237934,8.360006953302609,8.400111884126439,8.447378796302857,8.307747833890772,8.470903558219248,8.6136323159579,8.78156547920382,1.6489160426381195,2.579664116900771,3.3091173860603327,3.4947930567545793,3.620944936468206,3.7521584878679626
1991-02,8.06267493392086,8.46307519422674,8.37006124551693,8.575526813135873,8.514478989911801,8.516094245651402,8.46776746683048,8.482107318414549,8.539745003700162,8.75880732265449,1.9728881672613499,2.9893874034044092,3.8765012058391317,4.124227390198902,4.391996310383421,4.4444301298567765
1991-03,8.29700698178527,8.67751629600999,8.585923315837217,8.632376433162726,8.62172676759645,8.478380184327868,8.451768500280629,8.513932174796892,8.606655480419661,8.728834043468296,2.2878796617845705,3.3578531679602097,4.154385333459173,4.297175722524065,4.234349844777741,4.751218405749762
1991-04,8.54634579891902,9.023910500534221,8.913551841438462,9.062768936823694,9.02500999127465,8.898417645269433,8.798602125164898,8.892103064083386,8.973144124712675,9.116322247322955,2.8239701777323214,4.358391061702502,5.728054630426039,6.297229241481588,6.898050195686874,8.40530488220007
1991-05,8.10624590438444,8.532366058914938,8.46227813284683,8.647020972820833,8.738144806305655,8.504807810742307,8.461875556512815,8.617479910209859,8.560470490330047,8.78655899069328,2.3280779076955884,3.480440166533249,4.45237979977177,4.6211690057940995,4.354419389119039,4.441426056080401
1991-06,7.95322509543825,8.22005012068125,8.318469489276062,8.437614572776155,8.547846549243836,8.403252160017232,8.446517552822947,8.434281409635787,8.40434888170256,8.622468037347929,1.8790424377250794,2.759481825635951,3.1019901370032166,2.8238154164291815,2.129288866763029,1.3225154982172596
1991-07,7.66188068768231,7.92111333718895,8.038598255120627,8.292825809283954,8.447927216640409,8.363520458334776,8.533272634777276,8.670733217720013,8.618214892864202,9.011511584507986,1.74465070985773,2.4627224296619987,2.8490606740752007,2.6851112768285406,2.1404407920304545,2.2383096626842702
1991-08,7.77793243232491,8.20000952820279,8.461766888116879,8.951266092805582,9.032976183100239,8.97551982222511,9.153157546149878,9.21049010942125,9.24793700427172,9.641171961499651,2.41410760670881,4.08277385773679,5.60210895324946,6.303390673310771,7.477636197166959,9.96698208054311
1991-09,7.67698667207787,8.10231236725517,8.375946360313929,8.933404844757671,8.98864613752891,9.00300057043279,9.221079861360877,9.187180739209182,9.108168050309345,9.342525702708855,2.6070618249073094,4.514687859522658,6.391919772641651,7.481260292036637,9.502979051466541,12.410731941347256
1991-10,7.427382005593,7.8621493122058395,8.18500264502541,8.648409533612313,8.827027952584139,8.863628420690937,9.07563751378376,9.202154331522607,9.162748282229302,9.329806041241682,2.7032442911868095,4.6973868617899885,6.453810949482081,7.40381258001134,9.004585350969581,11.152909741012724
1991-11,7.30857232203915,7.59918195980005,7.803042229865632,8.323157654298289,8.357272622179678,8.563326042785683,8.721128323837661,8.762656927369932,8.59895230816926,8.712440641246062,2.7962578945838494,4.687163433852501,6.13650817600496,6.693551808144931,7.678980237046878,7.354606927739822
1991-12,6.899355586305,7.334672712153041,7.717480712812309,8.173552174343651,8.190755852876649,8.65097482790653,8.774037306012879,8.613310736085694,8.367641351425874,8.636646842430679,3.130390982104161,5.526971241013309,7.396805079150522,8.27056320777837,10.637115321624286,12.43456793269372
1992-01,6.62198465676964,7.30933925297528,7.630553684143051,8.21443621343219,8.27517149164554,8.35380325883446,8.58720108513635,8.624391793194768,8.523294923650099,8.892050669814921,2.93776374459802,4.70315659212237,5.897904571514952,6.30054286339118,6.80025150612937,7.086747220899855
1992-02,6.49018702696539,7.35356200937387,7.688413010701149,8.26675280555203,8.375065701990515,8.341027090306845,8.547419459294765,8.685758246022075,8.495048119979018,8.790216371512258,2.90207208014034,4.57881157661338,5.72737452462571,6.097687204761842,6.625433846782118,7.848789742767442
1992-03,6.38963663422542,7.5159498096615796,7.835844267663763,8.478936378531557,8.410600618613984,8.582373943740834,8.515041342138346,8.467062479168675,8.3504493164058,8.588393206706542,2.845448091062999,4.179151394691681,4.981073962217299,5.183564744169159,5.604785757096163,5.901990070173704
1992-04,6.1999403228019,7.37913095746828,7.693105368100161,8.4558353802191,8.427319963143312,8.66887885308573,8.582977633275,8.469257193901882,8.422079922428942,8.709584535318598,2.97231180179131,4.327607599410999,5.248653041078751,5.4555288547487315,5.7096379241685,5.0324643976326255
1992-05,6.20428815121935,7.309915874009169,7.675081339582313,8.569355600283327,8.506790461266789,8.72664252266339,8.649533552689881,8.599462680131225,8.628506491450707,8.680729953369635,3.032584144606119,4.732116926344882,6.1433940594177585,6.827979119666118,7.94863070883617,7.5932495747991915
1992-06,6.34100768295617,7.43803010136519,8.09510626140889,8.826021269817868,8.67635383307043,8.867942429435907,8.772512594190694,8.795355364012444,8.700003739028901,8.534800771656407,3.3410958078554804,5.91678196141614,8.005545235770128,9.07713942663822,10.576500767455723,10.72875529450376
1992-07,6.17646262733122,7.32052653531636,7.906487564870751,8.61187661388707,8.59342561511555,8.848037962794592,8.793466223181255,8.715631731599515,8.693492869657618,8.68902151637188,3.6349965249643104,6.46445760130889,8.84694864743215,10.26299349892945,12.470787450510993,14.357720069133102
1992-08,5.78590192149398,6.793100637088901,7.431930997292911,8.331694463038929,8.242224739372883,8.712207105145914,8.674137984217204,8.420539990663357,8.515575216935908,8.697340206285617,3.2844619946190607,5.96134468718877,8.26491666196097,9.46333739913406,11.318880142000186,12.164642695038125
1992-09,5.49525054234786,6.46832032569858,7.056172931638679,7.899305618133919,7.816796815850509,8.385564856513255,8.288867260049884,8.099844009110114,8.341410333186673,8.387675266864335,3.3234371098184403,5.919614377214279,8.168545680581119,9.25448463478169,10.873368699009252,10.954930704124902
1992-10,5.15890502101903,6.19086007442223,6.89198544592022,7.877026322054881,7.81370717482989,8.524785988686567,8.465225208007325,8.443211755772495,8.637947301170627,8.894161984954735,2.53102045765747,4.209404668990871,5.697330075044482,6.1960800168554195,7.829004364599828,8.56923085922482
1992-11,4.8029240652162,5.91213669059698,6.87381291214583,7.8002289900397095,7.636475142989127,8.662550794732269,8.581334995074656,8.746729372984191,9.070358818033455,8.90908958240108,1.9722328405076999,3.1786161300413296,4.193690422766569,4.2852960242672085,5.8096865902497505,8.74404745398119
1992-12,4.20428173004888,5.32090045390316,6.303718336206439,7.316997724248802,7.305540296256467,7.752919723817026,7.76342259222546,7.881588952636484,8.175134774010864,9.001670377391115,1.6284059302824705,2.573840786525839,3.297455243114851,3.2450352844133876,3.239875875395975,5.40837154272696
1993-01,4.37157550837726,5.865160836618699,7.019688234039608,7.872533199769315,7.851676872962422,8.589618828270197,8.498442001416663,8.568431870672235,8.686367799800408,8.728507957071898,2.3789928169776293,4.529977736799008,6.35713858263703,7.586701985268961,9.837294332923818,12.333234920338032
1993-02,4.45148992923353,6.011673514228111,7.118189857539699,8.00475302185438,7.863400507742625,8.497299399838717,8.441765329460416,8.230648839833002,8.075252672234598,8.555753838062827,2.6544130864060107,5.31983359874447,7.83488165708288,9.265944835028499,12.30924157520979,14.168508845508946
1993-03,4.67050171859858,6.502140964035079,7.67701381100594,8.208109836662121,7.884874774869775,8.791319498082402,8.352925636494533,8.402783039680287,8.352992013028661,8.415183699476913,3.132270920596139,6.3351931316149805,8.941951359664738,10.40456367077776,13.668625636825888,16.259558377567934
1993-04,4.40681915567697,6.337809570480471,7.534789938551349,8.22044414947333,8.183140357593583,8.814607059347374,8.592863158393797,8.806520642115444,8.878711377676055,8.506768346327235,3.050620963576801,6.31265020735182,9.04723582975474,10.945649812075771,14.2964807671799,17.583980461306563
1993-05,4.27733172940305,5.975548557843549,7.15807846721045,7.822205401018433,7.996551884007719,8.258972602175497,8.499472668692626,8.780824640046596,8.983782950249335,8.376916262149948,2.344104458110559,4.7868867638612205,6.975958437498322,8.658008276485312,11.732529766801331,15.09145920664032
1993-06,4.09693429350971,5.51942010784823,6.73725799546388,7.604759642202339,7.847777337069392,8.293316345739704,8.404878970419148,8.616392117551754,8.856634259678813,8.410986968368235,2.0138301670822503,4.30820621773037,6.5721806699405,8.57792630457908,12.433970445018211,17.32665175503598
1993-07,3.68553001035205,5.077026488526171,6.229385567763812,7.177380763618249,7.52647191157347,7.907238322820831,7.775114875338957,8.147282385467818,8.288816238200127,8.356654508940125,1.5172154197668806,3.1301737013339013,4.905911521353761,6.445934917871502,9.31088526638165,13.530521007086055
1993-08,3.50863864246984,4.7550483047232,6.02812248826673,7.04380400219979,7.369815774011791,8.160986572485207,7.960167506272171,8.417598649735034,8.409926704839734,8.3041128493444,1.3487881942223305,3.1411101660570506,5.23610001388829,7.139369629810028,11.15353885079777,16.161030735474846
1993-09,3.14488321588014,4.4599956642428396,5.650374314767081,6.730857861649939,7.2253435303059526,7.830204522029625,8.097116941926956,8.400692586177307,8.249558075941195,8.365189377513254,1.0579308496282498,2.430571422778961,4.09934445744428,5.811961965180291,9.921809599392592,15.531038228716787
1993-10,3.65983961676476,5.21360123458682,6.38910091600127,7.314957233018951,7.4256761082040015,7.931410740745477,8.151360600011579,8.740092204104101,8.343641743157193,8.421570894444848,1.7199260154757399,3.6943195825628496,6.0212778961948406,7.895664384597842,12.035792280608621,18.293250047375928
1993-11,3.93990385008928,5.6674296226122,6.785154697314471,7.544869541488488,7.6896511611160605,8.029844062708321,7.964891690262888,8.095674083971254,7.7312511354531495,8.462421387533382,2.04875363756534,4.117988851447051,6.355495880557629,8.025246362773661,11.27767312227247,14.872271538910603
1993-12,3.69249452362069,5.35828347996307,6.5933832676597905,7.357960254957931,7.704819752599118,7.816681972460785,7.67301313732284,7.6510771377823374,7.565808161602298,8.18333876899414,1.70636543792566,3.55696809547434,5.593571956777971,7.195453611882948,10.04691186153593,12.778237518967103
1994-01,3.48616801964107,4.86870331421823,6.045372353931292,6.622113470330486,7.167672468110673,7.6697960139213315,7.4712410721874605,8.179984692501534,7.836141275441335,7.598788248045182,1.3606746789516304,2.7767900136649817,4.215852844144729,5.649854752084362,8.552609214696693,11.970624067599624
1994-02,3.3572604278221,4.45276934520124,5.489704963515971,6.432337329797008,6.764438089614934,7.131329899502905,7.291893288349421,8.071071335821145,7.639423455660705,7.1446807956886715,0.4118079473537892,0.6632429951340302,1.3015399932261773,1.6964482501135127,2.710700757049556,4.135755148346323
1994-03,3.36987004343894,4.4740915999871,5.601351608612362,6.422262463756757,6.726532354751093,7.1536508137777055,7.455536732888369,7.687623519509437,7.4368657590460145,7.5453910747204205,-0.025341306330020075,-0.27563277717803913,-0.4705485432984915,-0.7864275970521675,-0.8032100944990708,-1.2051464864713433
1994-04,3.28718860690367,4.27276069477633,5.485858527070409,6.284726375272552,6.83392819112504,7.222711071512002,7.480717328481269,7.872566977187049,7.55121636632375,7.475371811780434,-0.7112553494211102,-1.6046632079272607,-2.321036150095381,-2.815796235256072,-2.749903816765877,-3.3759854959798696
1994-05,3.63144409973299,4.71529616145979,5.633133727381329,6.314502045020731,6.647738891501209,7.036184889050887,7.456441596355923,7.825040207433219,7.501112608817749,7.488251173470182,-0.5348820552530302,-1.505377518377541,-2.2826365981958787,-2.916276044865583,-3.204421787260091,-4.046461902570945
1994-06,3.50558994076598,4.44288194481576,5.34078518999221,5.842031702430809,6.276514311263991,6.56563686445573,6.741232561136101,7.117682951576057,7.132416522868873,7.195286306958785,-0.9386827649206295,-2.376382765084791,-3.766383497779732,-5.052382272013908,-6.9372622145040825,-9.56025586491334
1994-07,3.55981106875929,4.6164272861967905,5.4016429435983895,5.986448515055731,6.324211579221696,6.493191270427943,6.577776622868434,6.8775764548787635,7.11776431415646,7.1520612351975,-0.6785206770659902,-1.8071808996726193,-2.7457073714002793,-3.653359592223311,-5.305801991284795,-7.58771733974109
1994-08,3.40626011050087,4.235800516432009,4.94881415436855,5.4665461580900505,6.002523943503721,6.104460914265918,6.525165041163692,6.780223671671827,6.818757606406578,6.9132694584199825,-1.1887229144926503,-2.8856319097160195,-4.429859066617858,-5.707228019773627,-7.898029489234661,-10.935881021383512
1994-09,3.40206481461459,4.27773374161637,5.06208482698462,5.5127260225699395,5.77060847314198,6.0468653566023,6.218955998977531,6.426005088490349,6.761250322839686,7.014258162062433,-1.5651208971834807,-3.6114375338633096,-5.630240192625852,-7.657257552259211,-10.964412695848324,-15.280028980368272
1994-10,3.49367521911108,4.41470734891416,4.987998919386961,5.551289619800999,5.827077691255749,6.115565753490529,6.336168733979335,6.366082986385109,6.545595354574395,6.787791823152986,-1.6252263118732504,-3.9782833239852797,-6.14002788449301,-8.262215681540532,-11.715529727579646,-16.913973353508208
1994-11,3.61867598504686,4.71591948343276,5.30736251237791,6.019900678900029,6.235302627387643,6.5070063660847595,6.862277197259679,6.906278528533562,6.926192464526416,7.166697354603087,-2.0042324838777206,-4.50461146847419,-6.510996466376971,-8.1947478996207,-10.458798906318238,-13.769925456003678
1994-12,3.65191804203741,4.74278061011111,5.3213563936543,6.102938097494141,6.30383638961499,6.334400470515654,6.5911892648326855,7.0403162568299535,7.037392889284959,7.145165807129395,-2.35853141231677,-5.03181073482471,-6.874454594628349,-8.364391403255222,-10.609376613202457,-13.021927814753404
1995-01,3.5080286352666,4.62925701921794,5.183050639850739,5.73367056017104,6.071542665186179,6.166739958310281,6.626511908256795,6.862519144567386,6.707868310260942,6.857134335834999,-2.09969145121272,-4.446560994913261,-6.3619952029669715,-7.989877003404262,-10.25971338368177,-12.921390440220856
1995-02,4.04096139784745,5.23826991573573,5.794040331704862,6.369529832727597,6.595017800473613,6.81395288044267,7.171597918787043,7.1099673518149515,7.148555925271758,7.289118276909221,-1.10008168563171,-2.29703614340355,-3.0375603871984707,-3.7253830799233585,-4.369255709145466,-5.119558016445705
1995-03,4.49943290631712,5.851643079460381,6.61717822987721,7.042411408504769,7.222198121651573,7.403771922461409,7.671173962186067,7.541152963906271,7.859489819155797,7.8619836602604,-0.5175043061978997,-0.8928731865258701,-0.9862006227836213,-0.959253254364711,-0.3569503322620111,0.4210152801124698
1995-04,4.98401604419744,6.3792663855765595,7.001099317440673,7.328688276285728,7.304326950000803,7.333209031502278,7.590231369225847,7.785284677918909,8.149720787360465,7.94280171146179,0.16070228177657953,0.4131533424789122,0.7960136676571992,1.1210353292158004,1.935959339004472,3.4946327085971713
1995-05,5.25017821671282,6.60362919050584,7.091761124839067,7.281378338170914,7.36331021643306,7.417462011368258,7.780818718420498,7.844087637848425,8.031537748763078,8.004573443649136,0.84719663620651,2.1308869484157285,3.341126900121532,4.526796908082,7.216470450647399,10.469838827828568
1995-06,5.38156470973639,6.7784851901563705,7.232032435125751,7.562513085498168,7.559710062379171,7.632039305702833,7.769431499783941,7.913030223611138,8.385917708417892,8.200388852034152,1.1251801135609707,2.505505397871982,4.113927256413848,5.559585065920021,8.702761793525994,12.834750098457166
1995-07,5.29494796326278,6.5303031662050195,6.924974986783392,7.231863800044728,7.315720523781778,7.407689768576077,7.502926383770223,7.828044110964562,8.09834685795424,7.960148008293302,0.8976421626988591,1.8206997119000086,2.7821832792926378,3.702636592920279,5.68155779139328,8.47487864791345
1995-08,5.42452343092466,6.64572314959192,7.010773314991889,7.27989289665949,7.314835213391689,7.505592211498957,7.669016880106021,7.832980968365291,8.048104420175925,7.8708081196081565,1.0469205055419497,2.135346474445309,3.3016539520474675,4.381926525792547,6.9577038315386295,10.10020172374253
1995-09,5.84285463879985,7.108401463664449,7.531528681332482,7.7976258327753385,7.774830085344433,7.798146413824512,7.915034951111899,8.249898355371755,8.352196551428761,8.224931741725527,1.4538434149606392,3.074903732860231,4.913616174462089,6.529456226048979,9.846009703435628,14.736156420657853
1995-10,6.03993366078741,7.341055931498991,7.713034180308728,7.949265488303272,7.9430553412195515,7.961993192289427,8.091030483991638,8.349054427315465,8.457828878733942,8.347898531416973,1.8361454893983504,3.9272902442496003,6.068638084246012,8.01592889288574,12.07451339941985,17.88727883126735
1995-11,6.72015196731048,7.80774149697438,8.026285676802809,7.919054060631371,7.86615884074196,7.767175729300021,7.737633330821076,7.95437614042774,8.618285426099682,8.30160493896858,2.4775564814597395,5.193612328475511,7.639109609404151,9.83531642508848,13.816110065407177,19.843210611425615
1995-12,7.10131202242788,7.9946357161622394,7.9455819572977795,7.793773198241862,7.66294875884649,7.507626186449087,7.73378725468735,8.07900061263539,7.822638287472515,7.908886939623116,2.8603405648520397,5.65687091352282,8.127011761075181,10.21848900522249,14.20672100723263,19.929996878149577
1996-01,6.72894847043066,7.529920183551281,7.649104768224751,7.699424465623469,7.586859310275344,7.476228936569235,7.559819494192148,7.852805152398631,7.67657420061164,7.838357320572641,2.6241029769179605,5.352147292717992,7.843833958310891,9.881886985487363,13.487485618776407,18.12492851163764
1996-02,6.33835160136744,6.990994789476701,7.11005407652252,7.282840493198499,7.241121451754594,7.388301976697221,7.359496970153174,7.544140052255848,7.394306838887154,7.6701086262455505,1.8466788239594703,3.39392055491356,4.887993700570839,6.132618422254752,8.694978472378326,10.449871745225526
1996-03,6.36914738565828,6.99254711020518,7.135738844762521,7.19525075323266,7.294126613945107,7.178516348599672,7.436524386356069,7.817693099959953,7.230443344631972,7.719002041501682,1.5778539836075804,2.695648978722601,3.70968292741785,4.624150262707829,6.57725398905651,8.322503548952412
1996-04,6.21856410379998,6.748648256738339,6.945827951107443,6.979305288442198,7.079344747856542,7.029171643082918,7.286122351685854,7.674776824192648,7.358234631269966,7.680560860933717,1.1773810809416991,1.7797697235555408,2.2361620546481413,2.614621565637518,3.4141609559102744,4.595794132813568
1996-05,5.75643255429933,5.80807081262985,6.071138386465108,6.177640208472592,6.19528248921522,6.313324698008138,6.6604930334125285,7.07763741770475,6.888700001962192,6.891901814291394,0.12304264512735053,-0.38175363365050075,-1.0181891749100487,-1.7882033415276313,-2.5853874538264385,-3.382183317730693
1996-06,5.6533050765954,5.85170715081474,5.954091226956303,6.114052252872998,6.05103836910801,6.2072557087727915,6.684807572188873,6.988663689307124,6.6938772176360075,6.809746972254452,0.15998327886971975,-0.2781266754081182,-0.8056779792146598,-1.418218062152949,-2.0175628788982616,-2.802323613495366
1996-07,5.63266100350616,6.00191743758224,6.270380232652101,6.395267210154138,6.36110740190351,6.570587551969787,6.839360844541268,7.237381484333035,7.0164757918176335,7.076923292516824,0.1948001215653301,0.05038520594614049,-0.2700908541669289,-0.6901291733268504,-0.9064361154018119,-0.9240312236286448
1996-08,5.59880264404997,5.9223473460885305,6.11358541905733,6.234562639646612,6.22400128958866,6.374830496270235,6.607181735950377,7.0702369400598855,6.931976939935211,6.754789229012289,0.13111827626392092,-0.43090038453117874,-1.0794348649138668,-1.8572474949079476,-2.8847411656553374,-3.9230843052639397
1996-09,5.65455804870381,5.91046836343289,5.958913391173478,6.158990033757544,6.153107092535578,6.243520795014181,6.3110816588934,6.820556247150719,6.805242025259695,6.634351001288707,0.25405395005883946,-0.15068139139645087,-0.5956751969902774,-1.1478426973121891,-2.118037874263347,-3.0894865460889935
1996-10,5.50491044210064,5.621889425457479,5.807917648306859,5.995764532579823,5.891809344232147,6.102629825514807,6.23797144715752,6.5745945882468035,6.529450370214562,6.517153345100759,0.19871015871840925,0.12364799766165824,-0.05429821054722961,-0.4955539581349724,-0.9565533200118246,-1.614836967688622
1996-11,5.33018501551464,5.310229829787039,5.473556779702731,5.669952025057629,5.668340621310861,5.855674798491545,6.219254327315717,6.386782581392396,6.241129050769452,6.050345803355491,-0.03452246631669098,-0.23362002391797088,-0.4084138356627811,-0.6992315176636188,-0.844785951401259,-1.4248488395871908
1996-12,5.1342951513102,5.1490516086269995,5.3236323506895005,5.57147151469918,5.585852860891471,5.667328578234823,5.802170938494285,6.17534976517706,6.109729265142725,5.9151875749211555,-0.3760408304126708,-1.120797638262819,-1.8769597631312003,-2.6997782139229294,-4.183695983843478,-6.209212811971755
1997-01,4.90581720663332,4.92106045242472,5.20773780003057,5.54880628309887,5.651648195282668,5.77880160218967,6.224290765764316,6.256042686674505,6.24996032828286,6.039769031824001,-0.6160382428797906,-1.52939884382769,-2.333010918515452,-3.161850543301693,-4.351994272844288,-6.231737686084748
1997-02,5.14431596551723,5.562812345568429,5.788767347541219,5.996496730070682,6.053945771826392,6.13149312490043,7.130031491931327,6.918757358086694,6.804873394523327,6.728299205173975,-0.07611301454321051,-0.6181774355170697,-1.1138997173406908,-1.658488297078919,-1.5973329541061183,-1.543479553154084
1997-03,5.4146931265976,6.0179438496475,6.181216804537414,6.379659278655126,6.254661817664161,6.407275190942901,7.35385047422929,6.84329971819497,6.824738733773451,6.8215511194652905,0.06179361818959972,-0.4635972301246678,-0.9721938000261421,-1.6518306918352819,-1.9274373961283526,-2.7126553501455577
1997-04,5.57126717579664,6.3434393084936005,6.5229129573495985,6.700885236867162,6.6390763194004485,6.876678285095565,7.210151153196726,7.219816277928416,7.101971708367898,7.050054589434346,0.4914357274876302,0.5164351828602189,0.5312047377529598,0.4198949879630094,0.7979966475572366,1.4445450691323334
1997-05,5.6850281675025,6.5759346652429596,6.81407574973214,6.965296655832802,6.812685896668601,6.9583159470508775,7.402155317952769,7.223631840376633,7.029247939533178,7.200314762102238,0.8191165465589894,1.1982838493802603,1.5518939810554109,1.6428805055329407,2.5893634875302896,3.33889865229815
1997-06,5.69172387194502,6.39220118123414,6.64160355667954,6.663578452046302,6.642076471483499,6.849331626223481,7.1351378045495295,7.267668744316808,6.874242064928346,7.08402109167703,0.7128609106823696,1.052344549118141,1.2549263927578114,1.2991815379461613,2.1394818892162144,3.1167991623895634
1997-07,5.80711731601691,6.41479514827129,6.715743270267209,6.781145721063432,6.76709225275356,6.859163085832456,7.171536206251673,7.1571717524802665,7.019667718162388,6.648503479368017,0.93890260944376,1.8500739480603192,2.748992985773781,3.502253564914051,5.309310761181364,7.249483505847926
1997-08,5.79122906982461,6.67560407985243,6.883097120029298,7.001813919582741,6.933230954585667,7.076274948382334,7.4062235772004925,7.224428068001224,7.164694603414269,6.835521545718038,1.0323892002812505,1.7824887881789495,2.5131184906535102,3.003271669817578,4.621506635035401,6.057828972793896
1997-09,5.65641441337405,6.3636487326287705,6.60398383935137,6.705274592857489,6.72485915372307,6.799938477135669,7.153393072192493,7.133575835554211,6.944629037778057,6.649799971074721,0.8408040125358909,1.5214048402075795,2.245950639038468,2.77098610486082,4.289644962144525,5.974913297796951
1997-10,5.42317926673907,5.8829798093636105,6.17371074078871,6.33306509181989,6.308747324991966,6.492853309557212,6.916492499707111,6.763026012291469,6.599963439240341,6.391709662460819,0.4244945328584402,0.8982648368304416,1.5120768990410713,1.9662991792723767,3.4509585976886186,4.918674328325984
1997-11,5.34475229610373,5.67265433730401,5.84474583680244,5.9591583033117,6.037589103219222,6.182894456325673,6.430182518593611,6.474628031983535,6.3535097731261345,6.288892206624645,0.057184095672210056,0.05190066321608988,0.22514846370203134,0.3049653165471735,1.128881227637379,2.4788933542352183
1997-12,5.52509243903967,6.06838915853965,6.3276336395675585,6.4086713116832,6.389320479224921,6.56409680742474,6.781259355053287,6.786981347477294,6.657542730838635,6.581717623764646,0.5593563419950298,1.2197895678013309,1.9518179687146695,2.596186620218888,4.422458628976839,6.938062813748484
1998-01,5.53709869530451,6.121098400978469,6.352418357786632,6.480487820068909,6.5080496691617284,6.685186428334848,6.917293512671797,6.820343490806543,6.687878456543494,6.823741783690068,0.8414813582562486,1.9206016735351206,3.0991567292556716,4.101829922701819,6.673192186856182,9.709837695487721
1998-02,5.63892536011164,6.33083176851508,6.492219011894301,6.59853435156462,6.6048843690119625,6.595484904846991,6.901102489614459,6.743720638353906,6.753253428863594,7.068578623243248,0.9050587690129497,1.8625805252387417,2.9499716633156705,3.8179440287621613,6.175337054781148,9.192568642110075
1998-03,5.9561502314579,6.706607652851679,6.888255848556602,6.9342987094733,6.967341193431121,7.069391176034138,7.264137364408931,7.083235086615687,6.927435074426299,7.238026220600943,1.2716313735266391,2.561474809385021,3.8792791007305816,5.16904286057258,8.011147855629769,11.77855764770653
1998-04,5.85200358100597,6.49791350197701,6.686115681974421,6.750386069190398,6.751562591343255,6.9571651873548035,7.007081361924051,6.974214162142893,6.743998630088619,7.039601028631282,1.07213176424733,2.1340306720870714,3.2852405482029576,4.310406484097322,6.753328155016962,10.051258194912577
1998-05,5.75681811868397,6.434908446910869,6.6116865241576495,6.721699372191072,6.62442297076279,6.789565312243511,6.941933817449325,6.922695211966257,6.839030347828604,6.975829772441045,1.0003259378367595,2.0798395595039008,3.23537054356703,4.20540917392638,6.785250512147338,10.283810468784502
1998-06,5.67934027055177,6.302119918243769,6.46099660840663,6.597821326295151,6.509157082973182,6.635011996529773,6.782071149866468,6.766347542893335,6.700195934989033,6.822540066975392,0.9057802589519497,1.8848267031033004,2.9767433524157694,3.96387808498197,6.509310894671775,10.089277247352634
1998-07,5.47589253882753,5.804571931650649,5.88222668334997,6.013831673613289,6.032953028450212,6.190689067366609,6.212860033788289,6.382535336091053,6.289774835464762,6.208328406140339,0.4285345334962489,0.8316236175646194,1.309899631585008,1.7628759854991616,3.1306484068425773,5.215608058926572
1998-08,5.64321487957118,6.1329975321316,6.271184217108178,6.443077775421603,6.33231826562049,6.53194529474451,6.640476498710164,6.619464130948117,6.528381249716752,6.702752826725309,1.1704842119616794,2.7559633919837783,4.242057862533761,5.625602331438632,8.466874298590367,12.707952948667181
1998-09,5.52284472009288,5.92338301167968,5.980728794026604,6.199823687900718,6.084550186966219,6.3501225050782395,6.30640969660535,6.335730680279674,6.400596131869534,6.48212627320121,1.41521886938387,3.2181164736429624,5.0995725586154625,6.8805415097016205,10.59174886224341,15.56757331382077
1998-10,5.45848527650517,5.699940436816709,5.719253029609259,5.854525044760663,5.8450145877058475,6.079671803142233,6.073340649542857,6.079295192002142,6.134347541810264,6.241018317952353,1.3326543744085289,2.8740272690831086,4.290934270099,5.638566182201438,8.03899891425235,11.230938237533877
1998-11,5.6154702416318,5.8500292692585605,5.785910502825757,5.957772250374081,5.861866225363549,5.9272948384655315,5.97825816663287,5.808684079916411,5.980075638587195,6.138954069402942,1.2540729780432303,2.5823222291632586,3.8790927205442394,4.899931089674067,7.042882003383565,10.078949381868807
1998-12,5.50903281654462,5.667200413761259,5.676642910769861,5.744951827720701,5.705046725113309,5.814037428606767,5.766433206091243,5.822832604206077,5.921371707011609,6.017427672719251,1.0801852622575492,2.1708910240064982,3.2300191387313006,4.124944784970573,6.157230562188881,8.732309062748278
1999-01,5.27961704272222,5.27329804250776,5.301932764348358,5.5053764757155825,5.43186103096928,5.599256645883003,5.833788147110482,5.641695114664834,5.819834960633244,5.8886812569953335,0.6924236008181897,1.4068410929539779,2.2986517793919887,3.0293397777158617,4.8679566203083,7.3510991181993655
1999-02,5.42577299950213,5.534697255668509,5.51114321348769,5.736912003565472,5.596912500201547,5.542281868240909,5.933568376475414,5.770074812008652,5.844677914647768,5.852188973092403,0.5811898737064594,0.7798932401887608,1.1350771614588497,1.2675895644014998,1.7071766524793999,2.646252237470324
1999-03,5.43497627932504,5.59841241269822,5.616494418127738,5.677577433589121,5.68580632267858,5.805617222707301,5.80009322338055,5.776790111856009,5.904403254329615,5.849707265538022,0.8078952068097704,1.270197050526039,1.6413723431171992,1.839315319330181,2.2897249444042265,2.972118989795419
1999-04,5.42578173772968,5.62421677413468,5.599176193074513,5.726396655448887,5.696873644437787,5.82445123392143,5.818620445853142,5.779815361789645,5.861447973324388,5.906387093931251,0.7937826131761492,1.118365233962992,1.4766864285580201,1.7355396932811482,2.312782810711118,2.9551815211055272
1999-05,5.43458250907411,5.53217290249051,5.566168388127942,5.654384340403439,5.559797863168651,5.591859928303233,5.712920776136684,5.744322260463193,5.781752338998864,5.761763512958474,0.4699385196464103,0.34120419026045123,0.16005750099706972,-0.23431202445161592,-0.7705789081376588,-0.8879085548947803
1999-06,5.39633965929182,5.48195016425528,5.505904676982681,5.522022350406981,5.3922307407839405,5.479419595922494,5.5282174174084915,5.626389018199994,5.554510756568412,5.592477211224313,0.31364100887383994,0.0731990469876207,-0.2058857232010478,-0.80829871711608,-1.8659069490967939,-3.232540010168435
1999-07,5.3760373981544,5.4791375992816,5.5355556595929,5.579976674536059,5.493237842769339,5.5425388370421445,5.518492131705656,5.6081413835076575,5.669045410398844,5.7350620600333,0.25176490730343026,-0.15189381439324023,-0.5488216886984203,-1.283108134667943,-2.7400988925434024,-4.100175040952917
1999-08,4.96251332016992,4.68570503708608,4.956983304871619,4.948773796715621,4.9470503431810116,5.384099483121929,4.960109834699317,5.215216362586503,5.4341933600275425,5.507855386603659,-0.7177135777438295,-1.7267849638122206,-2.809474045060929,-4.1595117075187105,-6.544762213123118,-9.060070153025134
1999-09,4.50816414229581,4.17783118976751,4.31836760292822,4.303581235880062,4.413899052016298,4.5314257971255,4.212170680191484,4.895768429487596,5.134689524093979,5.396345897708841,-1.1328564024476506,-2.6698549996914505,-4.257927803745878,-5.978594028584908,-9.784310071870706,-13.121432276966644
1999-10,4.36728606240818,4.17788013493468,4.437618043744772,4.497382675603408,4.58609920003946,5.166480520594721,4.386902740186848,5.225007813574415,5.650811174721966,5.689904696314457,-1.31536448686363,-2.9051097507088093,-4.450845108597799,-6.192766766448159,-9.108477824875532,-11.465469294156033
1999-11,4.59595629121533,4.45766125170573,4.661001758993098,4.841027856233723,4.684804332667717,5.077797758721186,4.530473883864282,5.280823064421256,5.080349461135768,5.218597869594312,-1.29323954196839,-2.77519162887405,-4.08157556931352,-5.715036746946612,-8.842445646864704,-12.68311810118621
1999-12,4.58701515150371,4.585937149020911,4.6858237129959,4.8101210788740385,4.616423858262841,4.931760999216856,4.666888137238288,5.222263169245778,5.297402176893478,5.6474282902279995,-1.371550658742139,-3.0572563932944696,-4.693417373016342,-6.646723895152347,-10.282324779559403,-14.12881367622978
2000-01,4.58087444168957,4.5875152722125705,4.613565789277571,4.701173032645409,4.659514608207584,4.9349133421934575,4.705972854879182,5.070252100245455,5.090843879277713,5.3267826500233895,-1.6452236167885195,-3.8661441881726386,-5.85752186091332,-7.855326107771107,-11.660341230435229,-15.785667788617094
2000-02,4.95350738196205,5.31243984700539,5.381728082295382,5.464400097258897,5.468789536628179,5.56747362001024,5.3346521029578255,5.629440313570996,5.563773698229085,5.825009012331861,-0.9169028823892704,-2.220119076623668,-3.395649603643541,-4.553933317908312,-6.884176894625749,-8.785258315665168
2000-03,4.79051720588845,5.1541925744114705,5.30640214099796,5.487863346465598,5.481754065230923,5.67354675578288,5.58107537617132,5.687425153120515,5.58000605704062,5.950795077465763,-1.1140803177798695,-2.330115924268969,-3.0961331494814814,-3.726603723786047,-4.5426519134681085,-4.929321627790292
2000-04,4.83043416095853,5.274593572287669,5.368075460853859,5.438020379714661,5.527789406345228,5.538039155999371,5.520856944283651,5.656362645424473,5.728032128942758,6.168056188368894,-1.139209717978221,-2.520755222058031,-3.473723973338381,-4.369358593914061,-5.77384374526182,-6.072066637748523
2000-05,5.0622343828441,5.6949027175139,5.83553102966682,5.954167388617339,5.953206811112391,5.887840777013565,5.824085518392451,5.828861358681031,5.752220882104176,5.946831119785827,-0.8657414893778705,-1.712994314894658,-2.1677537417726622,-2.6296368972047492,-3.3026660423457113,-3.828718829131028
2000-06,5.16830915538144,5.7463466388689,5.801107120595649,5.994643734698972,6.21771918983724,5.847526055474464,5.932374690106485,6.136065802273492,6.071569554684373,6.275499776015884,-0.5992407512316005,-1.1028452347614097,-1.2316998693666301,-1.0831344361148387,-1.4298397562485272,-0.6319187020203909
2000-07,5.22737269197817,5.93921438128957,5.9769045488412385,6.227524288738863,6.342890781110807,6.17513094551245,6.151711841377093,6.162152129306449,6.058461031665779,6.354266351751974,-0.4070209030374796,-0.5905457932771307,-0.5379029880219095,-0.22780477916823916,0.27609162131844034,1.2666603790946152
2000-08,5.40341861482991,5.966054690940011,6.031462877964328,6.297088005638791,6.518162983417959,6.2112968400077015,6.2368059515713625,6.328836599941376,6.106930497606982,6.409287316883379,-0.2884957871613496,-0.2030155103106619,0.2373841769324212,0.9385721857940892,1.8867834830633292,3.6859024369444633
2000-09,5.31068759221516,5.8553662001720195,5.8916540399344886,6.13456527685533,6.422518494688401,6.1267940259143785,6.295251760932793,6.297205291956949,6.171469003496611,6.578370663626373,-0.3211548255808703,-0.11706961743095068,0.29428531113634726,1.0009487929778365,1.7680276501745702,2.8941335915312294
2000-10,5.49324462179831,6.02736330758995,6.0431180334924,6.328020857889818,6.465683031894773,6.003411287314169,6.315339029917773,6.344847482146086,6.26252864182748,6.624616204098345,-0.16738939610938974,0.29232537239200873,0.9599787382796583,1.7539346456381013,2.6379861443738823,4.364530575535195
2000-11,5.75090079367412,6.142953845898759,6.14741179667319,6.318265510300812,6.654991622359869,6.08068892014369,6.410505121920771,6.503811434448231,6.50612629310384,6.903881368254524,0.16927869545895913,1.0813671470813109,2.03934466998407,3.3349067510968693,5.100618292596512,8.355130896547493
2000-12,5.95748780776305,6.37152944754823,6.44628205859591,6.569730380398848,6.861488970502162,6.37276105036004,6.673017115366889,6.658664490679989,6.68190092699075,7.009227139340631,0.9182137113499804,2.5582407679571224,4.115840465168509,5.99863911165271,8.818822193364959,12.864008677531793
2001-01,6.23273888900109,6.83448636066169,6.69255070538609,6.65731885506537,6.94336455147231,6.502536768264449,6.5945392018449525,6.5179582177659725,6.5007077681175005,6.606661061332176,2.15135960659053,4.257711937672381,6.002504581582439,7.855290988863339,10.56133269488624,13.489851144612485
2001-02,6.22934272939466,6.684944276529779,6.639930624278772,6.627073250892948,6.806493606990642,6.425875692694859,6.461554849201562,6.265879913543259,6.1918696824265425,6.212294659426874,2.1621384266724393,4.43046578075183,6.239288522812381,8.108061446743061,10.89643513615522,13.17651014515437
2001-03,6.26827289219134,6.52243774748706,6.253880571678112,6.112224639535487,6.1488673128992986,5.921803008736962,5.897783624836251,5.84690390160597,5.860208475506866,5.94384579433715,2.3547359829355194,4.270636890768651,5.628208386832028,6.8388912290503985,8.38427943178387,9.139981691278876
2001-04,6.41380329026589,6.74962096493367,6.3909891309950115,6.423424026920909,6.318861931388469,6.14451932024231,6.1106486973932945,5.883300757015249,5.8567244008142865,5.967407329369905,2.6996876436418997,4.4745816681951,5.62436758338279,6.565938194340982,7.5809250507904995,6.978060081313337
2001-05,6.56064420689177,6.682783855183609,6.408926815495343,6.415089966544478,6.283239410850449,6.101716029696533,6.042018947845399,5.9973571908923375,6.014590008618605,6.1738569129673735,2.890235664506449,4.59502391904197,5.660852261117932,6.37826314854236,7.111200531716914,7.003226118228483
2001-06,6.3455873901005,6.304711604125459,6.1234983693041904,6.06915375658545,5.960383894832397,6.166222170882243,5.951878816190913,5.866231115343325,5.8671041472113785,6.079548102362644,2.423269470113559,3.8325330262746498,4.50788968764358,4.864927371853098,5.544119434092669,4.987716798567319
2001-07,6.34623528432705,6.1604294390808905,6.174881483483642,6.0327925722571365,5.877918057696533,5.945028328706329,5.883554613134528,5.862499739381569,5.838256402431938,5.980557947874985,2.6613747487964505,4.662633973176291,5.693035242047357,6.420575548305081,7.4031884977212385,7.686477066290311
2001-08,6.25455047810136,5.9459826011136405,5.85668831839571,5.816974974556288,5.697523750463599,5.802367743846222,5.6833302103211025,5.680279389305518,5.6823258609239815,5.852299555396279,2.5987929411408603,4.490701127525209,5.453068962515609,6.146638263425836,7.106517267521421,7.344503531246687
2001-09,6.17652102575289,5.68756883178457,5.723210348288033,5.715855012846909,5.692020325531946,5.962946604118489,5.973557823576449,5.947814137026718,5.99956705712011,6.246000602121981,3.1543155224515598,5.6520641554950615,6.916710331857671,7.826671558741419,9.33542719084422,10.245270461170586
2001-10,6.19475270369934,5.583403264991,5.660367492002168,5.671727124536332,5.557054666339511,5.877644152156648,5.7998584328174445,5.8097976020585165,5.895791862034635,6.093886071618613,3.5926446227582005,6.41624211669367,8.06946374151869,9.08541084035733,10.951390439654702,12.477799891961405
2001-11,5.9736751504398,5.23532334505084,5.360287987398053,5.359429541247067,5.273176991069839,5.452305509494984,5.371332439435449,5.553619209318612,5.734354843101542,5.947562960515818,3.1382608168215596,4.89187909541787,5.471473635910239,5.60027131568324,5.502251599579394,4.869376220393474
2001-12,5.45331573619825,4.806255001988769,5.012130683187461,4.978690324017961,4.889285840684558,5.3363092433301205,5.3542465976982,5.409145982082599,5.541213493063744,5.8599122956187415,2.7128601710540394,3.7428426207485694,3.3741546204968316,2.81672519722599,2.05646334243185,0.2052274339640361
2002-01,4.68312675407116,4.58619837430424,4.91252621115531,5.0905781441914115,5.020537140877831,5.3704971232086685,5.439300897569183,5.5319554937901145,5.725552206130104,5.973808983943179,2.3072830588502296,3.26810396644683,3.1603756353732706,2.717544380785953,2.1143200850795827,1.269619555799041
2002-02,4.52280584985734,4.37160327019938,4.818250508832399,4.937720683059959,4.863320085207775,5.235736767276489,5.327404584686132,5.458542376598444,5.604022285112947,5.814753065192932,2.1716044575228697,3.155171827867619,3.2186615554116087,2.8020399054375105,2.1722284284774735,1.1742288864089687
2002-03,4.16770176455154,4.337979663844979,4.754653143472112,4.938184470680929,4.904859286730641,5.369339144109102,5.435641986343008,5.60999228268161,5.849621642930359,6.1099229685736205,1.6088062195604986,1.7158948109966703,1.054520978722489,0.10747100222313932,-1.2113164716853309,-2.674785952033255
2002-04,4.04993332129177,4.6160951064418105,5.273638111733218,5.377291320430281,5.3935537712041715,5.846627389981908,5.923825338256201,6.092552891645198,6.293919226775209,6.45687947716813,2.3432583829427607,3.45902065334899,3.6853045632343298,3.546366756408002,3.8598377606290715,4.468992837661798
2002-05,3.79254819067716,4.704138560959821,5.349261624468518,5.565828523426022,5.57918123451843,5.831616359848947,5.889727166788198,6.092261807030184,6.311789552148369,6.49574154396975,2.405664546312751,3.693517411414699,4.45477195674378,4.742161663854349,5.167196779500241,5.661164104054738
2002-06,3.8814421340119,4.714234813143101,5.393797095216518,5.603346210622881,5.653179127837902,5.785729796995682,5.945958296773526,6.133291093744731,6.290036609924442,6.495339537793214,2.6880278131257005,4.38618358049476,5.419686905144831,6.013216393244321,6.885379728031553,7.71180434872426
2002-07,3.49905469028444,4.1736222591038,5.002391303386071,5.150377751438809,5.324689581753578,5.521280410671121,5.599198262489857,5.789396656686002,6.0094306019435635,6.221995434421359,2.4623023544085103,4.739872097643051,5.885897271585479,6.638743596202577,7.41743359523012,7.589268185554431
2002-08,3.34718965997278,3.96478013201136,4.854607139565889,5.0039544495533725,5.185823813137198,5.33999513693454,5.460494211952621,5.650905448053756,5.865518881894133,6.020885154485249,2.2365507543442895,4.57320548160909,6.245822637408921,7.14889275285946,8.2713611690717,9.430314655713321
2002-09,2.53325330933301,3.2254617152445295,4.451208836484301,4.782059098648199,5.096940220430813,5.330808575161328,5.47879977659305,5.750123839561731,6.054614909787659,6.32607103016818,1.7731874276865296,4.27623619544115,6.359166167557349,8.006444875911122,10.3660779410035,13.024212998492771
2002-10,1.9907586422328,2.8367699980667,4.01850549971131,4.54110756750087,4.878200600672171,4.933322385004548,5.093801662953354,5.418763289850965,5.760501130600744,5.932066936945837,1.4627371981956896,3.46440942994887,5.041625916257369,6.138590147143209,6.979010589632571,7.3264018480532505
2002-11,2.09706252822928,3.60666970880174,4.779835000754701,5.14437931129684,5.391924495705139,5.529733169329141,5.695802315257872,5.93101938909593,6.241590687768088,6.573253589480871,2.0827852322799,4.22138697793576,5.722207023621091,6.737184052416499,8.144512336808852,9.90894197638159
2002-12,2.09339483093473,3.9821482334929303,5.347378324269701,5.446715263955397,5.697721428521042,5.753096267301419,5.97215348196497,6.22968480655053,6.459669390717394,6.655880269408186,2.7401086073672904,6.14356003689351,8.632642791244308,10.56669832481327,13.336582183396722,16.376780755365388
2003-01,2.27891531545401,3.95170530355871,5.198306475264969,5.4633683954651495,5.739534153012112,5.673488163472108,5.81819852375294,6.027429345472399,6.230389343918603,6.488381493954897,2.6496891684628805,5.752716565035261,7.98045111959371,9.5961108562673,11.70120677052935,14.146307353869087
2003-02,2.19999881267651,3.83468313848765,4.874230955515969,5.279941735181872,5.5888492923690976,5.604103536553559,5.79309595460942,5.960904781734719,6.12131653262869,6.424737962902007,2.59500655808921,5.69446735836126,8.19891040577106,10.085970679459109,12.70051872162609,15.751202999605798
2003-03,2.72917344428448,4.64756455203594,5.59955830295511,5.85190926322999,6.083746690540682,6.040021913819896,6.199056469968351,6.352252508832514,6.4816973957326525,6.741205344905879,3.4785911087639003,7.267002512557831,10.170043635430481,12.399522452256482,15.50842646249495,19.045153948211155
2003-04,2.27283672349905,4.15787584132699,5.15100741054494,5.532491578030498,5.709474989414719,5.747506734602322,5.920212141115737,6.078371244188062,6.235613133252016,6.493198440349865,2.98774663154535,6.34958072478775,8.88015431464878,10.681396424708268,13.087912026819208,15.95006373692935
2003-05,2.29847401464707,4.06140875936657,4.804573978096942,5.2917915274078595,5.596499570725207,5.699808840266051,5.935954044315963,6.13457158583666,6.335299948441175,6.648091323794503,2.8909525067553394,6.238318690295711,9.2762028460139,11.775188565851298,15.35593420815499,19.91662300836596
2003-06,2.0262070000174,3.69564132784746,4.569842885972809,5.05964963973841,5.308526497874322,5.550998261107658,5.834691582245476,6.015646166993108,6.241904871531098,6.5898646385736654,2.65071646830575,5.699658450970549,8.264355823071929,10.186879600863762,13.135951891199491,16.888355348303303
2003-07,1.71131990469529,2.72482156015153,4.00435257749638,4.57184325713648,5.010750991312518,5.33103768282092,5.706952767647319,5.940482985019564,6.201552350059728,6.5581922288985695,1.4798465312577898,3.25769021754369,4.3485926595207705,4.777429637642831,5.085411867673228,5.678086335123866
2003-08,1.72822937766707,2.5179524123010903,3.33133729375354,4.28275369768666,4.646238832606189,5.031782100068732,5.30879534696254,5.455784944648897,5.613775706180078,6.057044642442698,1.1642014721325302,1.94736137829667,2.4225813090136095,2.4440330061399997,2.1366500773143517,1.7668154500121602
2003-09,1.452274287558,1.94816006872968,2.699129126532,3.44966151207704,3.9051109629406806,4.54486432372132,4.996268205693028,5.136512067045931,5.339894449289343,5.891976850977876,0.8593054361283101,1.7522769752906602,2.14901385625649,2.2113677627794806,2.31363821945211,2.3253949880604106
2003-10,1.37403279987101,2.01683326795813,2.96389108119237,3.7812363697863303,4.257340528069111,4.9293630773994295,5.391845695421402,5.570991025323416,5.80110337823205,6.3286188633566525,0.7215346665806,1.32520969969408,1.5508799257799497,1.5259702641333415,1.6868306363985726,2.284012608022496
2003-11,1.52388447652184,2.64123325509884,3.6435592656115094,4.376947466909731,4.653278200952531,5.164928999242129,5.523298749853609,5.640654186419091,5.817481090499456,6.253303028998559,1.18443760920525,2.2263411406186093,2.9276608255550203,3.2721449733737704,3.9525321781448706,4.559114649022304
2003-12,1.24203962612564,1.94392689474348,2.9576325096045997,3.76366589495208,4.2050382572793,4.750327633403641,5.162272295599429,5.425203224773028,5.71756037433498,6.165062316071214,0.68634924850056,1.2808875951240397,1.5288516498385896,1.4752476729888198,1.4579802145945489,1.7754676466642452
2004-01,1.30201613509583,2.09527907869259,3.2356338409066994,4.123874416338521,4.465519568244909,4.921071204718089,5.223079243139402,5.408330245142519,5.66969011172424,6.094445262799098,0.8339668591801701,1.7390180440646696,2.4009262669041496,2.7497225186991985,3.16860750494779,3.9627670373735633
2004-02,1.23967658039844,1.77477015524392,2.77549868777207,3.7017890186810494,4.15512535313392,4.6275260958620805,4.95019699034447,5.134819618488532,5.371258390452706,5.811159676929108,0.59995590217069,1.2934501093557902,1.8093391744873,2.0703252287383993,2.3332163062578486,2.70220950807566
2004-03,1.16897344327204,1.8111468991611799,2.94886814035734,3.8542678737146794,4.3150903974584605,4.815083976091319,5.1518172936486515,5.324786057302891,5.561824412803297,5.98747122782914,0.6645303704275798,1.6441794779649799,2.5935235014983693,3.1826443873283,4.068440408424851,5.247541463470082
2004-04,1.17012920978164,1.78917331730254,3.0019179881694704,3.9082328793552303,4.424769377785669,4.836433895821449,5.120816795024943,5.297818876290819,5.526395436364041,5.898489333260997,0.17584697527895,0.12594132802777036,0.05219498208164075,-0.1398533627626508,-0.6301990072946806,-0.975289649524627
2004-05,1.17045625261123,1.45720779455657,2.2539073716896696,3.09751385088781,3.75011440246492,4.304902839813401,4.689907921305188,4.84831499086561,5.019051145690572,5.395910186388427,-0.3785963423838199,-1.3909829485128404,-2.5274078271073206,-3.53833792385315,-5.16277850200944,-7.354679469524732
2004-06,1.04492485954171,1.52090090330801,2.49495226763703,3.386002720082489,3.9810228502569114,4.455594702760488,4.862229618655082,5.025692430357001,5.207090170981978,5.578829778515605,-0.5033839905700399,-1.3535976413212198,-2.083754149478291,-2.6463665841583994,-3.6632645676459097,-4.975155401438058
2004-07,1.24497502889374,2.22650889121048,3.4809408151594003,4.581914013190459,5.139854336732071,5.590153883705771,5.923269605604272,6.03678999164141,6.147493499281538,6.5727006768436524,0.15890488732545016,0.36802628387778036,0.9706014679381885,1.665265427524051,3.1132246972347524,5.264356612936769
2004-08,1.35375094016856,2.5481773875894005,3.80753376696972,4.624787135479799,5.167807347949818,5.4801530279071,5.738812053936904,5.846994312244458,5.910633554392504,6.43103652256864,0.6136901732567304,1.6138604355402608,2.7970041698375088,3.907023696413499,5.768803871347862,8.447571961038967
2004-09,1.08885463260137,1.80615758736965,3.05292463111121,3.84275705641769,4.495548093954682,4.943313978787037,5.280710307152173,5.459375865846269,5.616540425706411,6.152449121158611,-0.3732336996201999,-0.3203156411094399,0.060013094798220035,0.5690875144578711,1.633541739774802,3.5598742216765507
2004-10,1.29529860137753,2.3602160480788896,3.5555661437004606,4.282250189715719,4.923892131868051,5.236456268687547,5.577150960383303,5.693801598608896,5.832578736296,6.409918965735507,0.14429539549256964,0.8511604649436106,1.7809501201697497,2.843196901010881,4.71413837512731,7.605002120848027
2004-11,1.45679564589359,2.6016557341981503,3.6756277819733194,4.308794053133781,4.887559010511309,5.12028153381333,5.573499339073251,5.662313405707348,5.869043090259076,6.323117274176248,-0.02210157192321005,0.30605100837318955,0.8318670291143107,1.5020282873763604,2.693313458309701,4.802242295633206
2004-12,1.25757764624292,2.36309416298112,3.5157018402375297,4.25864223412907,4.850185972755709,5.079681414641634,5.550793786984208,5.651807089035408,5.787737607089909,6.3037461613586885,-0.37253843647697016,-0.20542647509498968,0.41025881439319933,1.2042958964265096,2.7839963370096124,5.382054994016143
2005-01,1.26131221951242,2.3305826560222,3.4619661934990402,4.1167233164498604,4.72435157157828,5.0009138900306205,5.354384834354857,5.441899578967924,5.582021673917303,6.170412161078289,-0.60372923475893,-0.6929343954106595,-0.3175222656037593,0.42686087071253986,2.0956242530552784,5.050238455124236
2005-02,1.17481425307323,2.08200448058697,3.185899953549539,3.8941392988828216,4.52316948227079,4.791662526416308,5.16826792867467,5.302270506404312,5.477706048973555,6.150048028495604,-1.13908561071904,-1.8596873883951908,-2.065636756663769,-1.860871040019879,-1.015065910429502,1.227644773807842
2005-03,1.1466165287336,1.9692190328199397,2.9049238501812904,3.72596951162853,4.37234664823484,4.708758600408581,5.042772999999919,5.2131563209789,5.439051321911283,6.030359603301214,-1.4279649844488504,-2.6243588018692297,-3.14318051696414,-3.221318228667278,-2.7163998609465008,-0.9024674582337111
2005-04,1.61332634202359,3.05182363542065,3.9819792253013597,4.6168177226299605,5.10333220203869,5.344264133339731,5.5556954981159485,5.649147266466791,5.862951523563069,6.583055357174715,-0.2984374506777303,-0.1795535612101904,0.51484747124939,1.5662803531496614,3.9803884933422777,8.107778834453152
2005-05,1.83580413694039,3.26629397781869,4.23393872948229,4.761044499210749,5.19922882563433,5.42002251364055,5.62767634926707,5.77130750568913,6.056193435503701,6.668525078178703,-0.07775345969238967,0.43758902245346065,1.4806560474996793,2.8225843234231007,6.031888360796018,11.26344857639484
2005-06,2.02428489387805,3.34516591838821,4.11615922823956,4.54363528493702,5.003667707211459,5.331054597691619,5.500536392778692,5.644277472774192,5.978689348093852,6.576156102339745,-0.12559864554136002,0.2848135551119295,1.15635436858456,2.400242897377169,5.498285901526341,10.927000456626917
2005-07,2.06760400388503,3.27181941860707,3.97933882913005,4.44519037714621,4.859520018634642,5.205944200964698,5.362058131845579,5.478202119192559,5.765592001026448,6.42587463337221,-0.56123042738496,-0.6762356056916996,-0.37179369658962136,0.22309695663337292,2.41929168856683,6.490204072148536
2005-08,1.93448721433267,2.8073635046861902,3.441643401182551,4.057787821373829,4.4981872368608595,4.85899767004878,5.0071289132564125,5.110541584408228,5.3922258018498574,6.163344710050325,-0.9207094237801898,-1.2959588364519596,-1.0656041580708295,-0.42398362650721055,1.5132422121446603,5.189115600480864
2005-09,2.17939128698985,3.00000657260045,3.4624283205100292,3.9864736742950306,4.369079189143887,4.79049087147839,4.920864860106164,5.014611737176278,5.366556333527104,6.065211393685317,-1.0497651197792996,-1.7652520955249607,-1.9659380498353705,-1.8237779049076015,-0.7105610040272303,2.070456421656058
2005-10,2.21592065258632,2.8487010742494197,3.3524605344895795,3.8616453510269206,4.3055969745853115,4.637068780369109,4.823241977252778,4.935602925529601,5.286590652137306,5.928789510674953,-1.4481739942772003,-2.4713350149151196,-3.0700048013732393,-3.260980176993688,-2.8530088579547033,-1.0545282195591619
2005-11,2.62375730612136,3.3474752016769203,3.782978032392659,4.21739775224926,4.634520616742899,4.86797508521034,5.053250730774877,5.175755105077684,5.5165390969666035,6.016907187740401,-1.0097482824047694,-1.5652575989750406,-1.6963893876823408,-1.4848618352154621,-0.5075642388579822,1.957945570468255
2005-12,2.73563259945809,3.3485898788555497,3.642956944640881,4.056148890722399,4.386448386883528,4.664326374159209,4.807956438328951,4.964873548860751,5.372402213287771,5.779390804802375,-1.0149718170016406,-1.6953372691072697,-1.9321492333760588,-1.8356585782884016,-0.9550288723328038,1.544620084767491
2006-01,2.93431189078113,3.55117135415077,3.7413111866429594,3.9799684352619806,4.277156041682559,4.409379300360179,4.561147147738772,4.686405002592046,4.992167061563741,5.316358219613363,-0.97432165352879,-1.6262436478427698,-2.04194492253031,-2.23437037645409,-2.204368039216257,-1.0008196893498367
2006-02,3.22109009130601,3.90650173122569,4.1000886671513985,4.3184037656269005,4.5363114505910005,4.577813874909602,4.690809443501209,4.861672808343151,5.1348316477917635,5.349834156915577,-0.7590039560923794,-1.2268458261688702,-1.4610691059575105,-1.4829327757698874,-1.1865780900522793,0.45849838497563145
2006-03,3.39718401726879,4.10131766760167,4.244791226723441,4.4504843599379775,4.603688322769674,4.642924909918047,4.70775492737144,4.9121820106396825,5.248697905467488,5.4749810582226885,-0.6980639037004499,-1.185414517544129,-1.4766548321619215,-1.6745017185403581,-1.9533876367008114,-1.231372565594401
2006-04,3.35026108609838,3.8630953358338203,3.9224166901703796,4.0518993201384195,4.20693543594925,4.278916055313811,4.302102312696309,4.607750069428512,5.057911423968882,5.272567836489337,-0.9953749927204396,-1.8216224206985605,-2.5948880441226305,-3.3048221431298486,-4.7598179885578915,-5.673348307603716
2006-05,3.34404743751108,3.7185962473364396,3.71797747416453,3.85730054971091,3.9543819069412898,3.884012918593413,3.885262017912247,4.451075971872651,4.92812781398781,5.115571876005134,-1.3045999868466107,-2.4967344549693493,-3.57519833703283,-4.585456631352269,-6.97176871325927,-8.368956418894909
2006-06,3.47076456392957,3.7057470275862703,3.6720944714643906,3.7597791784188495,3.8776312985987182,3.85591668772242,3.948163086672949,4.259573908947793,4.56267137248647,4.7494845202674725,-1.4832182989531195,-2.7935852080654002,-4.0108953891581685,-5.09875031023237,-7.4018263490921985,-9.48544041148321
2006-07,3.83304984599203,4.09434400743679,4.140748468044131,4.264629365411647,4.224859213907653,4.146948386969168,4.256916701049704,4.549990413268716,4.7918492556910905,5.018403510089172,-0.9382273249918995,-1.5556628852876395,-2.0571578129989208,-2.605605539799857,-3.942864295697725,-4.870375865831879
2006-08,3.72807292846638,3.8168928138543206,3.8274331429926995,3.85656670529724,3.9321248871660597,3.996775857487261,4.11123533863131,4.34759981200353,4.53140355733737,4.710878630351729,-1.1089557828514995,-1.7757721217882203,-2.42425363503381,-3.0646698669383206,-4.29400677099297,-5.153009438274779
2006-09,4.04977169237975,4.177915296255691,4.187159628605439,4.226919044216121,4.278421049693648,4.319717781010532,4.37128616245306,4.542236927719522,4.7518389485328285,4.98432754124331,-0.6717647669617195,-0.8845738578399489,-1.0477214845591183,-1.2123394580002627,-1.5969048792946277,-1.4959548263467077
2006-10,4.29687506852662,4.375621555127499,4.46031513748504,4.49657235020576,4.5083053955336325,4.5440340430492725,4.601088256042868,4.79539934302851,4.956014850874936,5.151833884775861,-0.4729141490575808,-0.40728258284564145,-0.2869404883640021,-0.17984053506051012,-0.022902048476487913,0.8932699264912509
2006-11,4.35722348408169,4.33848734896293,4.3485295409565605,4.422993064276021,4.408361979780949,4.535566239846791,4.619653790257033,4.735181696925707,4.888856093275706,5.2100514147224075,-0.45740944905729997,-0.3829931577740098,-0.19093113553631724,-0.026180087086937753,0.4940065652386645,1.7160157775404752
2006-12,4.36356169585719,4.3233223967465095,4.292960854991188,4.289957731795873,4.24457393331414,4.347079173218422,4.388574282660667,4.517990660335613,4.710452666854316,4.868149553027884,-0.60635418788699,-0.8648760780326619,-1.0598381783725683,-1.3423362837412913,-1.8184548434617422,-2.0529875944836897
2007-01,4.52549300767956,4.39323318095694,4.395669709949521,4.469581495606338,4.42456309886294,4.515961011998179,4.5615008498860234,4.619230804625541,4.610650279391166,4.8696110528502885,-0.5805092884836807,-0.9055260642492993,-1.0359469267795607,-1.267183761963059,-1.5714752600252417,-2.010476509870289
2007-02,4.66550568731807,4.56793053722789,4.552627045415539,4.55817512040338,4.446544731672972,4.525723901020228,4.562490858501558,4.6119198630690015,4.526851416452018,4.720272015486444,-0.26147429785473975,-0.056344479145369775,0.18293007879143985,0.2794194265864238,0.4736679619972497,0.20310754591281288
2007-03,4.79938157130212,4.732141840567119,4.741724674555771,4.80153520914811,4.764063810480177,4.865501944969761,4.930623162998863,4.971902299478316,5.011320440746275,5.243551949503988,-0.09757293340090101,0.3527654998911105,0.8391951228226997,1.1511836980886176,1.8874531248691984,2.4628558410341332
2007-04,4.85847032855426,4.7486641181485005,4.8251649435624895,4.916869534956469,4.9511255166921835,5.084888696745978,5.192615805446511,5.271883517460246,5.387260326025803,5.650922900908256,-0.09360500962048945,0.4753292479115707,1.1324012154847773,1.6826402518598806,2.9430355646985307,4.715743244052337
2007-05,5.02319623418305,4.910111942287269,4.935764431774391,4.964640201260728,5.0209263849965104,5.1346606334161535,5.277781574217279,5.28066075109286,5.333521042191087,5.72474957171557,-0.050166014642000434,0.13500721801651938,0.43055880254875856,0.6883880500676574,1.588087767228811,2.894961737788168
2007-06,5.18896532653939,4.98246138057667,4.977089359511618,4.965486219672922,5.0011765925076475,5.10597922074755,5.17279605759887,5.207078897732536,5.27546890876134,5.584206996167552,0.06938147800547068,0.3144132101305903,0.477653597611571,0.5590828746924572,1.0713639968202981,1.1896588445001859
2007-07,5.03257133242869,4.758184028339871,4.766124293122928,4.77330694070859,4.841338064083473,4.899785779833266,5.037224848844893,5.089505388695812,5.161024511642424,5.435719457972148,0.046877204304960784,0.5483748846654386,0.9525456725980481,1.1997709241872219,1.7159154693675402,2.0692079552719402
2007-08,4.92584859670582,4.49424948192942,4.50504821854283,4.572541119070571,4.644369923147806,4.692978177025413,4.812945144149147,4.810879942438994,4.825059580386295,5.133870974180603,0.19636027038107962,0.6800525980510903,1.1669630478846305,1.4434668938304682,2.078421293081348,1.5080622520836382
2007-09,4.84968006321741,4.399968719483669,4.3900666709352905,4.443039023134791,4.541210668196538,4.534358696561419,4.700739535429534,4.698162861611671,4.778550967506533,5.0272864910915445,0.3696870065424491,0.8779151183405194,1.2065813005326813,1.3097736033030891,1.3330335736330783,0.18756200574764748
2007-10,4.84853570418508,4.3946835712731005,4.376230255724121,4.40120544223014,4.4656722165736085,4.52251159593451,4.667163738368778,4.656456019974101,4.663456345368694,4.976947986616565,0.37585330800843053,0.9601723332665211,1.396316524479471,1.4894765141523694,1.694449246401339,0.8656692435859172
2007-11,4.79589679802023,4.27411324967327,4.230931042038328,4.24361093133157,4.303982820964354,4.331050556813864,4.530034095761874,4.525481121561949,4.556564775298192,4.861266303808868,1.1138701800689401,2.512118103979039,3.655279647701909,4.039494838599481,4.693394543676279,3.6892957140072893
2007-12,4.9296765846335,4.551482745136861,4.484919832135779,4.527072038682862,4.5986508383066464,4.613121177292893,4.805225238410728,4.745485259220175,4.780415133608862,5.084945446552396,1.3394747097637505,3.004682634710999,4.409600007058802,5.008631824944508,6.070379336796249,5.226644759411315
2008-01,4.97374246944062,4.720686485715139,4.600002358136601,4.655799934046438,4.692796134592999,4.688957225353384,4.864016701238857,4.84041420370724,4.834062481765947,5.165282692159877,2.651966735317589,5.170377389139139,7.316288541228529,8.520195550778457,10.13148773175692,9.747962437629468
2008-02,4.82940483508263,4.34749722670617,4.318900562466569,4.35005538387799,4.452320556995694,4.441645667115264,4.715388016156464,4.725786676912183,4.688429018023257,4.960479047118675,2.71144869103065,5.429622673818459,7.468016547454779,8.635951703759021,9.839017245873109,8.148610572263355
2008-03,4.82971477396802,4.291386241263759,4.3151055862165215,4.452075235214259,4.487440502715689,4.572415178472351,4.872565341549116,4.937184850552285,4.841621781462244,5.195872408195555,2.8343902196963593,5.5198745347524,7.7783633328642505,8.799514397799307,11.31245246614828,9.788238889572574
2008-04,4.84226912776899,4.256230686030429,4.259797567383261,4.40088648031708,4.48003479854059,4.537074390813245,4.833788890874697,4.907546269266749,4.796023904899059,5.1488452426834925,2.3594129529127796,4.090604706696971,5.5453714871735516,6.1562507464034,7.655625281967983,6.781392583491586
2008-05,4.96027795692927,4.7505911991158705,4.669088616728489,4.763097137477612,4.753712511440657,4.75902997903162,5.053424990285752,4.999328906559612,4.979303497594799,5.350448287135727,2.5232858305983203,4.1669527471955,5.3335820933892615,5.946490804853708,7.194476587597517,6.1980025037878645
2008-06,4.9130799025712,4.732057627386499,4.802245832191941,4.919747315426761,4.8746258776691995,4.891868278549381,5.311349726296356,5.390807754340344,5.246302474344837,5.541515600064081,2.4246482955915494,4.41009490719978,5.732432236410012,6.65215942878636,8.821232940900503,8.561040917127217
2008-07,4.71130682403491,4.26462661276245,4.369136152775981,4.5941128124942985,4.626616685853911,4.794249397643927,5.154429482956374,5.126202314563905,5.052325074885715,5.318986002554027,2.0749057787460403,3.7548820428609506,4.81895515904893,5.708700119385083,7.455052636575903,6.349005453366151
2008-08,4.29788921154834,4.02135589087282,4.08563066923703,4.36786607720197,4.3511990790780395,4.5197698428456405,4.993968965298528,5.2935681015517915,5.052632471153281,5.417570649841856,1.8712886432551996,3.5186400510297506,4.606059422179241,5.3125270846226185,6.896995063342127,6.861864230967056
2008-09,4.03028171294122,3.8818385591372193,4.114372840942629,4.438018365426132,4.55164452321965,4.660193738441311,5.150811819639397,5.266944574120203,5.231715494335575,5.5951960273073595,2.0742671940057793,4.257820103957329,5.58519840976203,6.26191231347867,8.133582940281418,6.412845987762701
2008-10,4.01883026326467,3.79191123046603,3.9650612510171888,4.37251222690071,4.426688663823203,4.558013938231117,4.994995203493264,5.040926300631419,5.089718850650101,5.555204259541995,2.42375929881687,4.977389767946559,6.739147254829169,7.76614633294297,7.325326181515474,0.9584222794561956
2008-11,3.16024306960433,2.8326831181282297,3.100449387608699,3.919767630066781,3.9833717488003106,4.223813198698629,5.108331166663881,5.030421108052419,4.808658755621703,5.353375204875121,2.0542223793182046,4.264193290915795,6.367359082828029,8.69818645970054,9.70121492720919,7.576674318010184
2008-12,3.21200803537311,2.81971190718853,3.12215466633506,3.9996190204209405,4.031018170930711,4.325580732921168,5.101952958777989,5.330226657973931,5.022400800014449,5.567162483836512,2.461336889276034,4.753853867672199,6.88650858484918,9.53292310994596,12.173772931093799,16.69711396349371
2009-01,2.06871975039755,2.0815917043150503,2.5098887819570495,3.4888891250430705,3.7835566898452786,4.158125055768501,5.179824789479099,5.142906248628481,4.900553633652933,5.655834522691187,1.5457302468761531,2.9098360028201857,4.04095133423135,5.79326126162501,7.367058525949388,8.218781950594646
2009-02,1.63604853567552,1.60072657967876,2.3116615102416698,3.284385400691451,3.7767365670377995,4.1772315741198405,5.419126160383406,5.368824098516594,5.277151156763868,5.712026067589889,0.904820053939618,2.0516884136342357,3.0532478963446703,4.330590861282321,5.64427168202385,7.625188802104018
2009-03,1.4569960215674,1.62962127116048,2.1935864371024096,3.46628943778063,3.423006131846181,3.5090363198263184,5.03122377235006,5.520589078836281,5.947079765599451,6.55117411965869,1.070534121372243,2.303203799814134,3.8869898351076495,5.289226667127741,7.014572598573261,12.130700299013158
2009-04,1.89681773311765,2.5286058135990706,2.9461196998404997,3.8691555393107393,3.8666950021304416,4.00479374399292,4.910514621053238,5.2000314486311225,5.6161020456413375,5.86457291231968,2.0353862491912356,3.629895881726066,5.22262866639767,6.39173119561483,7.524937416642731,9.113135840574326
2009-05,2.22730536851755,3.02542170013131,3.5964677912838505,4.14080379997621,4.182287349981781,4.38218183659178,5.203542440021238,5.385072820165,5.736939514913551,5.9120736966722305,2.529447792006609,4.795560152668765,6.61460075415426,7.45797192911907,7.770166818492971,8.960561811899172
2009-06,2.30740933179495,2.8167992205837096,3.5974099862165296,3.95489868529285,3.9013851806565594,4.132759312075041,5.224541792962018,5.385353036281941,5.828923023278588,5.951343575273214,2.2947271950292576,4.2182109261375995,5.51566125448501,5.62991237612329,5.550772783461269,7.708893043876341
2009-07,2.18972083401641,2.68915988866107,3.5300396963063205,3.7368717255177586,3.9940758637384413,4.208250499671038,5.06982037330377,5.56252578738351,5.97121441452612,6.090084310824459,2.162839021718481,4.001780867918431,5.179838116051569,5.56475518657871,5.364252483758859,8.154480990419179
2009-08,2.15006724761762,2.43827926146248,3.280446706052479,3.6447314166346603,3.90369786565671,4.025572963767949,4.835613521938782,5.468954712538757,5.494333820444464,5.707495507533395,2.018521621856415,3.7788865559811473,4.9624557799568585,5.44833330976689,4.88935002386186,6.606856512621617
2009-09,1.80757136513144,1.9308199309910798,3.11064005962143,3.8749306195030098,4.024153537215039,3.9151813940629214,5.929931475491152,6.12498072747961,5.759680845311095,6.0972039167287235,1.5314757796138119,3.1854197547584704,4.68777109976253,5.392816375984358,6.073053786648332,9.747814535233328
2009-10,1.36815193164916,1.4114307818875,2.6107547400181006,3.3996895857093996,5.1377134267005395,4.85611586645134,6.90187260490584,7.255115920482918,7.895764787494031,8.325395744169477,1.032270955117605,2.2627887986562003,3.2520587936009404,4.9870765419207,7.712274819744859,16.25249780577256
2009-11,0.778460738810025,0.890478476011109,1.8166018381545463,1.6525443719277995,4.02431612627732,4.3047997715765405,7.05322429503266,4.909772121497841,5.353999261217748,6.728964702203509,0.6028402958824479,1.3904092328732611,1.1065706676433749,2.094310437262335,5.050959364425813,6.896656535796813
2009-12,0.358375017912496,0.829637687938894,1.8669643032439598,1.3846036458339301,2.5701325194246696,4.21655135112665,3.9419330927138603,3.9002368185409804,3.5542789981701404,6.53515286198682,0.27642593500360707,0.41066846330507367,-0.8964586465903961,-2.1385254708661856,-3.9047953230056365,-6.420925965896088
2010-01,0.535861457438897,1.1457830260130168,2.3577737936319063,2.0312467624516195,2.9002596891476102,4.8638928917756115,5.870703922814361,5.166887434552017,3.809979622960963,7.508690018434496,0.8370375914124729,1.890035048459473,1.5335726976639426,1.0460745391147124,2.3439218042019023,2.596226597657832
2010-02,0.695906525739142,1.1647931505470521,2.282825917981016,2.4993936021001497,3.1620168157868394,5.120660097974879,5.649455243151682,4.98422299620772,3.7434059634307815,7.192429307633237,0.830021420322375,1.84995492965484,1.9667744795890578,1.7444475922500975,3.1488792450831573,2.5672479192431976
2010-03,0.559087149788237,0.960916758660519,1.8825034024871143,2.0207692998260893,2.7154738990717906,4.099440261659069,4.411199105999652,4.5505350631680095,3.9409810944868617,6.255319730636256,0.5248157157879559,0.8625398879869253,0.1591368321882023,-0.8858681872056475,-2.014247245641606,-4.1628817289751705
2010-04,0.493219564407835,1.351610067305669,2.2764227546391367,2.6975924729132794,3.4306249972829805,4.351477146735279,5.091929971489272,5.282387813618868,4.718190197552399,7.202729161884278,0.9016469999705929,1.7530581022338934,1.8735506353059752,1.7844013684719853,2.0220201029543565,3.111457657976564
2010-05,0.495973908124701,1.330355430621695,2.3217631984907143,3.33891617501697,4.46851467341867,4.80501471382045,5.35084482430522,5.397698530543341,5.095147683496016,7.190389960009725,0.9072692826617699,2.155474837350465,3.235324816972449,4.382425593700249,6.186593850887956,8.811491984246626
2010-06,0.522072025554452,1.6739262551081882,2.65744835694544,3.78713405901828,4.42797154815724,5.008469149541842,5.09762095091622,5.403952405475859,4.505926018026585,6.595065397019695,1.3220392611341332,3.171833161762602,5.244316716697969,6.7856485435641485,9.389889027846628,12.255627897289939
2010-07,0.526320866942589,1.6910978501063711,2.5588144773846198,3.6091587932113,4.472082252335069,5.00649132345959,4.731318414309321,5.339763567736501,4.762514024027951,6.550584749424587,1.368192962051921,3.2034521905236195,5.465326896265213,7.4886833994596795,9.63061803013843,12.341760589088292
2010-08,0.419757639606065,1.520081771927747,2.4611621926589486,3.417820335846679,4.402503171944909,5.017666599666853,4.7693569166197705,5.400613297251507,4.783307337885578,6.190796942071046,1.234667173057512,3.073174589199409,5.336252656758,7.712293345406485,11.324018355755566,15.601535597663505
2010-09,0.399344151377268,1.456696084476772,2.3725792744989502,3.31910826099321,4.3246048096558,4.840270649234297,4.571815661669454,5.049132159796809,4.686156919468171,5.4239601035169684,1.1888943061530601,3.023128989301064,5.233731973679412,7.625325817824861,10.886437401936604,13.038695385038421
2010-10,0.379159826769895,1.380236896479505,2.41041959076466,3.4026956783807796,4.23621323786186,4.796576955671162,4.928100576608347,5.085275413472832,4.922677476037542,5.513340748232714,1.139173100146929,3.163604224868897,5.694779484642291,8.066191387524578,11.525646526791494,13.117280196054088
2010-11,0.287638180128661,1.0290329011637331,1.9363829371576857,3.0365763566583603,3.9146624545465096,4.48671268489921,4.813644926133211,5.143440169720389,5.1899538176945015,5.6192601162652345,0.7336101376970431,2.073682866598249,3.870221637978254,5.52366807486065,8.026466544176488,10.477112711470998
2010-12,0.553211752935287,1.732721774942493,2.6917307557294,3.812199343700459,4.76262907892416,5.162125217055802,5.400135958964789,5.47350854133737,5.632154821286228,6.042089991789105,1.4099088208854191,3.259546987722275,5.2109495033519515,6.786556192374793,8.830085087753682,11.28283034809065
2011-01,0.308745434600544,1.3047763365849059,2.3877091132471504,3.3877578476968395,4.4164887756309605,5.020260773871819,5.3041915322354605,5.356853329723439,5.572207420532649,5.954038206323432,1.0188316017854389,2.5888544640785085,4.213719738589415,5.689428956013696,7.232200584991677,8.692039898364634
2011-02,0.334771730224677,1.262892408648551,2.3825740521659315,3.3843437031258006,4.33052069430604,5.035162993987461,5.36429403157474,5.379996062415998,5.757399499120957,5.979706678361239,0.972618929099854,2.3264740400864827,3.575968947817623,4.6938248462979235,6.302939364583244,8.253238087426372
2011-03,0.436101042872563,1.5447792302881451,2.7241723556248116,3.7604789184656404,4.50230646367099,5.136711962423689,5.445400324008549,5.430821936465211,6.0192481111509295,6.251355605038867,1.201028300198834,2.634921243514813,4.112189916091728,5.223100715998827,6.9985039919912655,9.751614341134102
2011-04,0.449963067335076,1.4250116523758358,2.5770999398411982,3.51977426411697,4.35517635408152,4.85061202966066,5.14367462906586,5.258207286403842,5.71198770256364,6.156935936641695,1.1746816964024098,2.8363651694953855,4.453365748665385,5.820170560597765,7.372158168811645,9.264655411642304
2011-05,0.423086147959925,1.073557643802019,2.259066195394986,3.3214138966908697,3.7760366905268503,4.57565459041111,4.430203759542181,4.8562601177945375,5.771874163353694,5.927830788868629,0.8614922206888129,2.432104216446461,4.235305172697709,5.471533165022445,6.7715681740765765,8.732047493758236
2011-06,0.351886993974055,0.807654456316971,1.7146505040829132,2.886639721291061,3.41907820342115,4.082771412754429,4.011419447978,4.1518401445180615,5.47594535858277,5.58388027926479,0.5902127711486229,1.5834659743282622,2.9019277784397666,3.5554204290152946,3.674838790285044,3.715194794270276
2011-07,0.32290488805445,0.723555248912922,1.3472840874697056,2.4487257491406025,3.4000134872737693,4.195861619816391,4.07198542831167,4.041025013833771,5.828709340093738,5.668571480764683,0.4521378971865281,1.3610971036987178,2.8246397588801253,4.197330820688492,5.566155224677901,6.6794579801350284
2011-08,0.285414598870235,0.622654776517051,1.1547422682880888,2.026462483296425,2.7178893143233003,3.45740919161424,3.500236553428241,3.520026238374099,5.076937543497852,4.732621884576766,0.504040524626292,1.360250592325746,2.7564116895559256,3.9413132230364525,5.632992001044426,7.300226349427064
2011-09,0.267801778323712,0.538344591350946,1.108505276614862,1.9330109655103518,2.677080102083778,3.4738946247082305,3.820553738211119,4.179869569917239,5.0065678915517715,4.860216669352091,0.35940007796211404,1.06362182221912,2.2576737914601606,3.51730770147535,6.213885278486469,10.79815973313227
2011-10,0.241063796332576,0.385988466042692,0.871520418607386,1.8648013349795738,2.6695183966671228,3.5957039963454696,4.221998712490031,4.500929003416909,5.206732252573559,5.369094661743382,0.234647594426859,0.7580743028561141,1.8744706293709348,3.1407492416147984,5.812554641725134,10.010068740931024
2011-11,0.29542276346669,0.59631020825648,1.2400375852783552,2.2612160176641147,3.05594146203671,3.7416176796798712,4.18034944780822,4.261113702791318,5.060544785786078,5.474397439971561,0.454655861579429,1.2905808760756952,2.800499419423141,4.468345525085713,7.477975358975751,11.75729128102056
2011-12,0.322812954057074,0.842092588892544,1.860796828070782,3.18702238990132,4.001815087880679,4.516917192761021,4.513502379350172,4.570137283083287,5.61136843164228,5.9629395983047395,0.689527994215603,2.1739604076115997,4.670331480182975,7.429645426132721,12.169550222445178,18.832184996687825
2012-01,0.285944734799467,0.817686250954081,1.7628925731859328,2.9407795582066796,4.01489351141154,4.76678716571776,4.792931208604408,4.94958417283469,5.680744261767462,6.102936242198879,0.67837017497017,2.144129540279178,4.59430734669361,7.647878540810924,13.13097667044062,20.466566589139614
2012-02,0.290273479548697,1.028718941179303,2.13484879539466,3.2126647958257397,4.1499713688419995,4.640371138434881,4.702233255398818,4.898741746440702,5.56582851521555,5.704200825463847,0.830065081255271,2.5410662534163273,5.013176034380512,7.9625454087358065,13.046130785079681,19.283342085845202
2012-03,0.343750930089311,1.2902794123088328,2.283210245888726,3.3913956637638902,4.167407920575889,4.6393010898639115,4.685523659491469,4.864745541293409,5.398046102727292,5.72598369828237,1.055597604397901,2.8431082217995884,5.3034527158415585,7.928655553148774,12.30152247208844,17.23955006420993
2012-04,0.250329955973426,0.9154164667482221,1.902773684946972,2.9883715421491397,3.9334714041320895,4.508827646380549,4.6703352051282,4.969431402497243,5.594867075153079,5.853146150089774,0.7080032810788921,2.257810045349912,4.567486751556615,7.285075397953164,12.465414506114676,18.81465215534752
2012-05,0.212065423113206,0.688454199637338,1.518212940439621,2.5398086982021146,3.6024519689235204,4.103371371975639,4.345345892312942,4.790937128621138,5.45920272940112,5.569189708001158,0.480129844361732,1.6379879375324151,3.5981225821511047,6.208540658383933,11.765972335992355,19.56284660250798
2012-06,0.217441685168348,0.7213973009032739,1.568177917179556,2.7655855528456224,3.59314234262175,4.381630156840931,4.415918289627411,4.9373120615459065,5.818079427207071,5.890959564409329,0.471226584749255,1.6245817867165722,3.732187590143952,6.26908239084951,11.837522068955131,20.134828485112774
2012-07,0.271417351726394,0.43832488095751604,0.985183093959195,2.0273224254654028,3.104968060195342,3.794054583943309,4.215623957181332,4.739958632465989,5.4694204895877405,5.554832517676083,0.256708662048589,0.9813086577582089,2.556757535811511,4.7991659323281874,9.81403669921596,17.90198157998615
2012-08,0.118614251890759,0.29853220058863505,0.6303013860662452,1.532987780842773,2.342637895941988,2.92332907109252,3.1896001792539206,3.874153843242919,4.598597295569242,4.737370411814297,0.10114066790061502,0.454779258907794,1.5140405030313233,3.0533434116821647,6.0848347783565355,11.17932509592282
2012-09,0.178944513388832,0.40428353235785597,0.7389589962693109,1.4174461920685892,2.1252782633749168,2.472592522533315,2.8324790732158602,3.1124305890825195,3.5174700138769204,3.7909656322543803,0.20836570147705097,0.641442011228051,1.5583850376463362,2.8035869311635366,4.971615491801355,6.780808350350458
2012-10,0.151340871615833,0.34809371017813096,0.7484050084647529,1.403239784423259,2.3011358365112495,2.8447614722139143,3.304412017550449,3.5355012545100113,4.0393285464675,4.289717224791598,0.13483113879786499,0.499231704707642,1.291954556209975,2.5715223884093517,5.313942981538827,8.542849940869116
2012-11,0.141654346677051,0.40411257078208895,0.7512974743166689,1.388095356374139,2.205875453258697,2.7064618403393546,3.1804548137253192,3.502345860766841,3.8339393320119903,3.8944023157392493,0.19642758816834596,0.611467451152274,1.4851561255844938,2.85699035867645,5.60093697866131,8.471370174934737
2012-12,0.152564594676941,0.37636441467478504,0.6906513173299449,1.2425011419309329,1.9219405207494566,2.368574255049279,2.7636255968515115,3.196561587674589,3.5216233542615587,3.7517038165740004,0.18705909674429905,0.533262046717638,1.1602562649386137,2.0359659953442915,3.6500585069312557,5.0518921626442985
2013-01,0.139316075983911,0.297133207876925,0.490601751792247,0.9613223172942249,1.741876373599422,2.33474387109305,2.6567754782690907,3.0994438941073685,3.641455385725582,3.76655526376798,0.123209947641098,0.23076943954107598,0.45272211821159786,0.8799738414192708,1.6457216449987198,2.0232697962602
2013-02,0.198653859924032,0.423847623233604,0.7405550148615551,1.2006019944867048,1.8723318282663488,2.3866871892234762,2.9282702137890997,3.29699643638798,3.7062931361775,3.816273159954296,0.24585163236821697,0.668470027960265,1.2587060849512108,2.0049110998973294,3.491153948485328,4.526044222390947
2013-03,0.234681807910932,0.4956996284870381,0.9310511697219198,1.5422050832686742,2.184248403340636,2.7677094270750793,3.2630942019791913,3.836816726559409,3.9508368216429783,4.07627094857294,0.32050144393272706,0.895859979881568,1.8321124660889072,2.8995908082690605,5.226155086185386,7.408013552480197
2013-04,0.20741318566933,0.35296692067595203,0.678694835942437,1.215882757735541,1.7462296383622649,2.2525941049849747,2.83337101039218,3.55852668542148,3.676309282693591,3.825283394517051,0.213643948199211,0.5819258927779629,1.2695701309295142,2.0340564030277313,3.7645326540802584,5.968861268003171
2013-05,0.208324355275606,0.36035484726893796,0.579674053583425,0.9920338926906911,1.2985981460310652,1.592687440649097,1.9687170996515677,2.8851246858716895,3.168613513984532,3.255431843048987,0.19509651025234998,0.31627983222426703,0.38399824399331406,0.14927994039869918,-0.9237707396025958,-2.080776324461068
2013-06,0.250170716154019,0.414822715212239,0.657979749418242,1.0562475419161919,1.4351918532851333,1.7939169150775864,2.1517493984852383,2.9794039495555094,3.217891288963921,3.3264490986950204,0.226132603496065,0.30414663816218296,0.034603365386968954,-0.7427856231339136,-2.6762653761714086,-4.736760132812377
2013-07,0.181616218908927,0.26058309824957504,0.45187354741210095,0.8625596636786651,1.3072216014112317,1.6875861728256383,2.050549280865644,2.6099078802045383,3.01580959788944,3.0983084057139383,0.114994414285013,0.055329349037150005,-0.326584601249297,-1.2504693575115873,-3.7219327274484257,-7.324638300551959
2013-08,0.19739153268802,0.276662795059066,0.4737265367192439,0.8033349872911462,1.3379979201040193,1.7434399635680502,2.2386595025093046,2.7963309692371494,3.0806407613137203,3.2300235753788797,0.105817226355058,-0.11472425618597604,-0.9335231776298091,-2.2510620232133247,-5.1101531732176895,-8.772890636754182
2013-09,0.195917830880805,0.305882686518311,0.5005031656503041,0.8800763698577159,1.3076062809376987,1.829436754173659,2.3634441215009865,2.96780876768028,3.2804204874834504,3.479895721996492,0.17989599878197202,0.14959411666363892,-0.28293354179687996,-1.2266540565684505,-3.2542101544599653,-6.120709906668232
2013-10,0.213262571380266,0.38400444255497596,0.610516932920926,1.0215680043118722,1.47510627800323,1.9316466186316594,2.43310899910254,2.93454586514013,3.267985202196149,3.47700979446215,0.23795541870353795,0.36148163503719793,0.1581818379482321,-0.5290022744055163,-2.2593062769828363,-5.010910347769187
2013-11,0.207684982613743,0.336257611332741,0.514406681941919,0.8340412201667411,1.2976054147049558,1.845364619374858,2.323920750064631,2.8607098649475304,3.175623697232492,3.3634854593742887,0.16782239703491503,0.24625050765480996,-0.10193033051193573,-1.035041764775963,-3.5592649974255144,-7.552666386284953
2013-12,0.189305317930486,0.344448367356606,0.615506923709957,1.046230790343779,1.489773108493647,2.028334231820179,2.6417369176692445,3.064954863071142,3.36136332205672,3.54413089428364,0.179066662452616,0.176177265785669,-0.4514627078626191,-1.800769187068451,-4.731010651966987,-8.681600605464427
2014-01,0.173923260235827,0.383042259892269,0.7393696386237031,1.314624650391749,1.8305966712138968,2.395174874568795,3.0118658371376696,3.4190236371550498,3.6990169180467305,3.8017451363945085,0.23552890466934998,0.43279848535221604,0.268955718115547,-0.3029791992690223,-1.4835121667341773,-2.9049244881699896
2014-02,0.177995990865387,0.317936619269507,0.6103659374957591,1.126126813320231,1.619792307104961,2.208922247319615,2.7344513847592697,3.37784657624959,3.6723744976052988,3.7009003413122823,0.17049422791046198,0.258890151891356,-0.094467946105245,-0.9253413042679415,-2.5944835011880576,-3.9780960186996777
2014-03,0.175198184554311,0.355692633773079,0.605952597061335,1.1167700611604832,1.5757220300191266,2.128517321118817,2.713070336612608,3.3507439584014396,3.6182517354664707,3.7170930186150297,0.21672942226706104,0.10602054295125593,-0.6541379923602588,-1.8233858054347758,-3.9560828055533506,-4.983786496119501
2014-04,0.139322972476741,0.310412891363685,0.5282385195839898,0.981743366264048,1.409478899751116,1.9460099645735118,2.489683551478418,3.0389651902647303,3.32714200696606,3.4124826017888985,0.19398024991392404,0.003541425866416953,-0.8353109501203221,-2.0868146225557616,-4.398160828085412,-6.118034797821181
2014-05,0.165258337016588,0.458490731611508,0.9243154809216441,1.53331644962568,2.0460246239478304,2.5884305963541294,3.10101898632829,3.6327335136046504,3.7324231278307405,3.8865963412590396,0.330786850868445,0.624276881150842,0.4937670521604851,0.10881241033318234,-0.46030943222579923,0.029198121166292168
2014-06,0.188690111716174,0.579965714752124,1.325790814691406,2.2125808418060156,2.76797039267033,3.1111756739299894,3.5659400223289808,4.012119514809541,4.006179556716898,4.190820398258438,0.439846086833639,0.9945353662670859,1.4330582023052627,1.6432203701292756,1.969329473831007,3.3482274928703135
2014-07,0.145588683964562,0.5115386126599639,1.2444736139651122,2.231106357673522,2.8674794758474897,3.3421193477806312,3.806143901103731,4.282914393622189,4.23767316218553,4.442245249764365,0.3604017006323029,0.680749447556492,0.8763795239448381,0.919826838411848,1.68505707331123,4.193961121051987
2014-08,0.170845568704008,0.6942680192602779,1.6221339087349793,2.655536765687535,3.162407965883399,3.67878265019832,3.97976708602285,4.49510862075255,4.294857062690841,4.426054614967036,0.5456385891604689,1.2540586986782332,2.015196919765338,2.6101612804302317,4.433129941430062,8.129890267602631
2014-09,0.125986687736339,0.530805047768637,1.3126040283182348,2.2513267957092693,2.7585588595286197,3.4618781140375416,3.783168559246569,4.431215696358549,4.380240473763369,4.480843447510669,0.3788308334172831,0.6447398887708659,0.7875327149051711,0.7860573737214009,1.7903358908989315,5.126752330514449
2014-10,0.146049023851438,0.486990716587266,1.224867801400838,2.1622903903569783,2.7038767489308295,3.391182871380691,3.8236389148081305,4.29963282346551,4.307873194311139,4.446754096356578,0.319649523818896,0.658042056142732,0.9333871885129255,1.083323223106112,2.329189605546252,5.943111603067779
2014-11,0.168435214297826,0.435978571322024,1.1822220583334868,2.2307168489689833,2.92846035988668,3.7650482422023606,4.226984312595521,4.5496895378416795,4.616546559976548,4.81275710771509,0.25792187234683006,0.6461768465135548,1.145641891523206,1.7596153344916943,4.243300265158336,9.440552643341233
2014-12,0.16538170490399,0.6183963203769041,1.673870763992067,2.8390795876994788,3.5146396375516096,4.085672976836351,4.598718531939349,4.696055899056251,4.626264601913341,4.844307997778458,0.3175727982289,0.9207291927236352,1.7787787952580996,2.82571272163798,6.056084939924219,12.10790237436877
2015-01,0.147513355222919,0.542100057940837,1.4784674176284178,2.402531588598466,3.0137181258995103,3.573855553272109,4.007310409829762,4.19860683042662,4.135280772775719,4.313025424039644,0.33969339541173105,1.0952179485613889,2.108278595694848,3.417093429427191,6.823431515316001,13.024131163515802
2015-02,0.147442391359045,0.5219700135148649,1.479484911316832,2.4506656652676577,3.0638370184734507,3.5486788105255505,3.93232401606914,4.052877771308101,4.149532145301549,4.209550119734708,0.24567639303641295,0.723078011339987,1.3677706852071145,2.2195486965608855,4.6716385199351365,9.519356891922493
2015-03,0.138963211506018,0.7166614763771401,1.876928596471998,2.7449698430936436,3.24035788583255,3.733926772017451,3.9417100382849384,3.9043905903236222,3.8676917744405266,3.9831236826655143,0.427176774842729,1.4419405757719659,2.6425069730979156,3.819473818682132,6.660567291052601,10.836844155930812
2015-04,0.116432641449761,0.718677343631497,1.820595742250787,2.660982572186555,3.1721272076368505,3.5749125139447298,3.848169968718139,3.8290073868195993,3.8212864132177202,3.851195024855663,0.450829755415387,1.34570869189782,2.4368939409436656,3.465600807998249,5.674738106372019,9.160543503750699
2015-05,0.127703880743063,0.630825450639247,1.663826278616037,2.430979265775133,2.92691339122622,3.33165803401518,3.5158808235287218,3.592085766097199,3.6542788396764188,3.7086104503163817,0.33024680923262006,1.057072329841606,1.8727664531387507,2.5570640640708766,3.989205678127157,6.456054345038087
2015-06,0.140119627918485,0.771101535257959,1.774058005767839,2.557808224846317,2.99047372520785,3.3605328673493897,3.573592158635421,3.5906599939235377,3.6659692981866137,3.7445605847542858,0.448828746939044,1.231188756982624,2.0243883186392253,2.506662760517285,3.3316866848625963,4.862630036625051
2015-07,0.151136912027661,0.924125867040923,2.0354762812851757,2.8240321613804804,2.97966119617426,3.4033718178107186,3.5193764079433425,3.41686497634384,3.517687373544149,3.6207642105156523,0.565467587948254,1.605399379582125,2.8097465007662383,3.487930414047079,4.86602999714526,6.659958163641601
2015-08,0.148629430099809,0.9137137992172151,1.8943985446004297,2.5674436052185063,2.7743127241946413,3.0612683510266994,3.1185399246625387,3.0981923083124823,3.302527739262839,3.2923454667775403,0.4785568418502601,1.272922788538831,2.114299631611291,2.592351414471512,3.2681399148746504,4.116529519783754
2015-09,0.151974214351354,1.046694972964652,2.108533969574964,2.76003420071239,2.909971190681291,3.3307969654252894,3.2959310056705,3.2673400223741993,3.392612149972372,3.404983295412187,0.684758714887545,1.864725284294526,3.1568878303397545,4.069458808240375,5.708619328659724,7.249349540280363
2015-10,0.16734119276837,0.886475269077002,1.8869452579867847,2.553940714337643,2.7657149828847,3.203240420863981,3.0120341610546877,3.1326769055530725,3.29562705000394,3.3881521212801182,0.424764382973831,1.2457061777868028,2.1936365973778305,2.6720053663193695,3.618596387702619,4.8827997326393096
2015-11,0.178056698975194,0.7939670841667621,1.731251803959332,2.3144869169181916,2.52834914199562,2.9799984821356196,2.8614243446205503,2.86816363907033,3.0521528436595418,3.2522512541768585,0.11478952198821707,0.6198947748098982,1.1652940210474658,1.3866322865141065,1.888689647733975,2.495885496376095
2015-12,0.300823522148004,1.070714369497332,1.9810299851650142,2.46770571117173,2.494405649210621,2.959613641278839,2.6665724115662304,2.648463788558388,2.799774864178879,2.897163623939363,0.28682983808750606,0.8952841690340063,1.5589534298118863,1.5734862669553764,1.7621595915598458,1.3777959670776248
2016-01,0.202406662529106,0.72294286447876,1.389470941465007,1.7049032921671667,1.86510484586816,2.309723031344901,2.0976660295720198,1.9969287073003201,2.3516186421698393,2.392377859052619,0.09470416241181401,0.48115140420579916,0.8564214211028659,0.8685495404946136,0.8542974681219531,-0.5468659452143361
2016-02,0.276293620478452,1.002083293013258,1.8059729914005298,2.21205900711968,2.3037909689716303,2.72512203424881,2.4883510194404597,2.396313468366781,2.67957717654976,2.7102257069791413,0.339694447489246,1.238796655210648,2.3070589934718817,2.791083170593539,3.9707154649476877,4.58997484461765
2016-03,0.289484701534411,0.8621647955427609,1.544403445767694,2.0633910402483338,2.19444760118975,2.640095736742172,2.4312234911542685,2.44428014383557,2.7034255475616096,2.6252808055735315,0.26157232685070203,0.937910023403369,1.8720183304483768,2.3447680872962584,3.1690667996352184,3.6540322497249402
2016-04,0.26784758821611,0.925716805768354,1.56979732314071,2.1434203405822663,2.3846538010961593,2.829291383192941,2.5360192086705897,2.6610246588949504,2.8186395599487604,2.889355832421458,0.33812258019272,0.9310204383884539,1.8115083339913456,2.3740773529003696,3.38123873014848,4.4391338976171095
2016-05,0.300578641406627,0.937000758007051,1.6152851424779882,2.242615780294094,2.5072974762121394,2.9080997672754814,2.6635153099389797,2.842350577097479,2.982260502142612,2.9502591522500516,0.22404324342355292,0.7950540293547512,1.698481299503793,2.268258291702712,3.4762118062595135,5.1428082544649945
2016-06,0.322272788318915,0.9916979957242591,1.7646086631897158,2.5081992833297906,2.8578209709864195,3.2512801306530807,3.002321026507161,3.2812143707211376,3.186711127873682,3.048729642227041,0.495276717054195,1.5852792892731928,3.131502978066753,4.579430632188622,7.354237642393787,10.844101849681318
2016-07,0.358658279092669,0.9955444896513049,1.619685040196367,2.301477282893419,2.6236708114917393,2.920977831164141,2.7231936360694498,3.0860563633345084,2.95213839450334,2.746692312690861,0.4309065810541709,1.3007238959590262,2.621053936596786,3.8355894604952345,6.093722219291141,9.046962685030172
2016-08,0.435156957366955,1.100032597911859,1.7260667621460462,2.2962609413344195,2.4942960361306206,3.009723739155479,2.729237413443121,3.0999140084143004,3.0155244875863367,2.9740621192412604,0.442830850423986,1.1994661599802772,2.291553334019219,3.141418162231865,5.182860450133686,8.384407553787295
2016-09,0.361936258077107,0.9285674001679829,1.4678716546671609,1.9974002127806694,2.295699594734179,2.6918678559422613,2.5452419268061295,2.9843675264985894,2.9945958028334037,2.80499453818722,0.275750418715311,0.832491011544888,1.6765909188924,2.4062227137883934,4.015293749071583,6.523712187631694
2016-10,0.461710886103171,1.066003463173813,1.6060102947466157,2.2873462139431604,2.4379773397008897,2.8307062208345295,2.6874581497797614,2.8750398998060582,2.989754682314622,2.8341681303586768,0.38516435082046796,0.9483226943387527,1.9338696232957693,2.578371297694998,3.858522278098389,5.364380504646668
2016-11,0.679177562178545,1.226146551137651,1.769087670680624,2.3070108765289796,2.57668037227155,2.7626850932647518,2.7346416140442678,2.813573318108432,3.017156956111908,2.8755267147397916,0.36751154230109306,0.7564811253713348,1.0755825377569144,1.0311872810048848,0.805984184781183,0.5030825788671074
2016-12,0.783884531409826,1.372575654218514,1.8040364503938497,2.4798728120671303,2.622825096324079,2.81468763191652,2.8178074656616907,2.892905494679429,3.0190529408177333,2.939246258878928,0.47776255802409695,0.7994701051896638,1.2815394947243037,1.2211827920179337,1.0118978434245256,0.5639755026096545
2017-01,0.628238702066946,1.003023699671022,1.3296332752701001,1.8529767264764123,2.09943199018782,2.3222091431017606,2.5137412945553397,2.6752194650621988,2.953127862241532,2.7218755875867693,0.14635041620452205,-0.07744728779619803,-0.27519911900008553,-0.7478570450470052,-1.7235506587621265,-2.7644596332255564
2017-02,0.662388845524012,0.906870783679128,1.143796668858446,1.8197667918499736,1.8866706818242402,2.1471700775108804,2.12379443796398,2.3524391675335004,2.6906233667282393,2.4602104766421995,-0.022165678558814017,-0.4590567460582262,-0.7421531071463622,-1.435819848244492,-2.7025338458679316,-4.1398890397538235
2017-03,0.600592468692059,0.868065749215027,1.1292827332033262,1.7216978443418682,1.9311219227951701,2.315898592762311,2.2333667029751396,2.4277452471351797,2.626909096770669,2.5383307938790516,-0.1929225884748731,-0.524094805541467,-0.8283714364780683,-1.4710998974695288,-2.4626979781399188,-3.758399662936139
2017-04,0.587594225575634,0.9768994649449759,1.262932444979375,1.8220847821871353,1.9967628697758792,2.3613863448395405,2.35121829714776,2.4154924487432208,2.544414137905557,2.5800295178149213,-0.1328990133654041,-0.28823189221954926,-0.3158017613013936,-0.6974654870847942,-1.205066915387993,-2.1998227679234237
2017-05,0.712957514583498,1.04427435654679,1.3391885101450525,1.9375204840132199,2.0363652276974893,2.3272963349601703,2.27722208031874,2.38026640660936,2.4507852963565604,2.4961174796759202,-0.1342552003303602,-0.17189692982845794,-0.016689454594367548,-0.2125916288592481,-0.533182575518078,-1.5325644796200968
2017-06,0.496421278670064,0.674606090970718,0.9619755945362303,1.4098933168645518,1.562712947805986,1.9160811991490894,1.9053146990956504,1.9597256013868307,2.161750633051849,2.084588418221829,-0.5910029634627819,-1.1245932290827318,-1.6210110145821104,-2.3845675974928744,-3.7578247877413133,-5.927961375601634
2017-07,0.564637908597134,0.749867725291512,0.9811472422556591,1.409135287593291,1.5492243511483035,1.8368143572893798,1.8954101031198807,1.8929389931059593,2.0432975085638407,1.921866889147541,-0.48489107128809805,-0.9656156233129288,-1.4058858799275082,-2.1433888463833144,-3.5720800059067743,-6.232649634691953
2017-08,0.657201747487873,0.969431452589755,1.204173767295478,1.6444312079179744,1.7214796697834691,1.9760391949133096,1.9965265760716822,1.9058701729025387,1.9855567626140687,1.995174296995751,-0.2576018893799549,-0.47009818003576664,-0.4933025091021427,-0.8478904524838434,-1.5498494780001724,-3.445816626442383
2017-09,0.652816981452672,0.911131061837584,1.153300305433157,1.5660677998381867,1.7005340781837006,1.9275046692814994,2.024503229075269,2.031789384353452,2.2192468155303793,2.2425937440208976,-0.422422768543916,-0.899678334381419,-1.2873570090363025,-1.8914403974579326,-3.1457747952060817,-5.013656165802503
2017-10,0.680839112353345,1.042851951228331,1.3017992849861435,1.7934756653016608,1.9865769249436704,2.251436465267229,2.2697254382756693,2.3483011018816313,2.5750779457737796,2.605219298177442,-0.40360757254382906,-0.8519123837726854,-1.0802762332530844,-1.443149659927114,-2.1972524072743145,-2.971507982019825
2017-11,0.858635008836558,1.3801180876103822,1.9879094641434003,2.6210756290235793,2.73741158556198,2.98511821797074,2.9573784714264697,3.009365830010889,3.042414293436849,3.0788378462650527,-0.2544311337230878,-0.19043138601883758,0.2858818699431218,0.5808542093240621,1.2618686044685308,2.2317176727397934
2017-12,0.894813096194417,1.4823289032282831,1.99780342253249,2.68318179903045,2.8101869639374106,3.031593082234208,2.9502821492470215,3.1331141864013183,3.215730699542622,3.2591249164466767,-0.2815712933660768,-0.26160395414482673,0.23672798671996342,0.5348835039565141,1.308717685016863,2.9959079400134314
2018-01,0.8566732834665,1.55343097927082,2.0507285576803,2.5720899162347397,2.7139724259825897,3.0976716253896317,2.987480200754348,3.1586279784621905,3.245023710137392,3.1297243355597892,-0.33968692601832007,-0.6523750567521996,-0.6992413474852205,-0.7864381179401492,-0.5980230434732907,0.3264760372869504
2018-02,0.929036462237942,1.580687736357858,2.10286315293811,2.58033742292237,2.64152315555447,2.8961553575438295,2.8954871011993006,2.9844129395296406,3.0607281640608903,2.9570041936990883,-0.464640941456392,-0.8199094280670326,-0.9669055287738119,-1.2909483130845913,-1.6818539428808599,-2.015550531475762
2018-03,1.0609883376899,1.46045495026992,2.0259744752784696,2.5738503837866302,2.61421527995813,2.926648096449709,2.8798091940734523,2.982229082517229,3.02664854599044,2.961976794867219,-0.6301965524058502,-1.0449544441881704,-1.0923854630184606,-1.2625930991121297,-1.31710302626887,-1.03232083772278
2018-04,1.10979847831038,1.41826532383352,1.8496546512689802,2.3784265955592794,2.433652346347241,2.7865537239432587,2.7819682298129518,2.795934692721188,2.9567890344649896,2.897072142289712,-0.8282904513431799,-1.6958244101651598,-2.251976893054181,-2.8156774041144206,-3.5255447129636277,-4.101712271942036
2018-05,1.17852955687715,1.37683023964315,1.7823130087791301,2.2322674019623694,2.3278277908592013,2.597281571078538,2.694813457475812,2.7621425127511294,2.869595116516919,2.8837734563170017,-0.86620078413855,-1.6828340277776206,-2.2590526412271004,-2.8449876793074305,-3.5410500542419783,-4.1168724098730705
2018-06,1.2656090544335,1.49556586015618,1.9063111023639303,2.3262695307167496,2.5090561890390406,2.68559689945414,2.796043758989329,2.7677018064344114,2.8124556750970875,2.742133066664234,-0.8283743084359698,-1.64424505217791,-2.1241018401753093,-2.52420170776822,-3.0159376129874116,-3.5569285858630564
2018-07,1.23475879657961,1.4618717942804897,1.8494055442078703,2.28672731760411,2.4441945602338206,2.7167210596988998,2.8204838583911584,2.801718528327161,2.896470632884199,2.9526441890619815,-0.9630105443383701,-2.00993557305404,-2.6673695390161694,-3.1628308732587893,-3.7181732787670505,-4.241661985844339
2018-08,1.22703334196971,1.4166700579512899,1.66763553698435,2.0760676131651703,2.2401144954177807,2.4344103010835383,2.549625587265261,2.592976474392259,2.6399663192970486,2.6766499397551904,-1.0149296033299802,-2.1360420277160204,-2.87375487340839,-3.4664752210438907,-4.23884684358041,-5.280820431780842
2018-09,1.3335538303815,1.63055587127066,1.9537464744930704,2.30461746660533,2.512393705647539,2.6939485904573797,2.7836680081305794,2.760453110572822,2.817390195797749,2.7722199934902676,-0.9603002488859598,-2.01432304925877,-2.707552651311729,-3.2464065112360414,-3.9767114650087008,-5.163407330594719
2018-10,1.44645952377216,1.750104096215,2.02183951478206,2.3494503516176994,2.57262387101963,2.7026407798704692,2.789065678260503,2.769381078520878,2.744407163796982,2.700047469000719,-0.92333194782848,-1.9299436841220607,-2.6013187245181797,-3.0662823941709307,-3.8992295796920793,-5.7076761272814
2018-11,1.63454922133347,1.9239097164391499,2.1447623730616203,2.4424392461810394,2.55225213309612,2.7092301611566203,2.7214113795542296,2.750961171234149,2.68839635065315,2.7495375954761485,-0.7551854727538103,-1.4727203006404304,-1.8368747751321304,-2.1607957106975912,-2.6631860194303614,-4.074480594457701
2018-12,1.76390019659436,1.97783608331124,2.1848498581656597,2.5120314467008598,2.5309226972211807,2.6771183531997007,2.6780908700322765,2.624735178401444,2.617953498960329,2.6206862252074465,-0.59598554350202,-0.7962729925518601,-0.6788396739527607,-0.7007547061034196,-0.7595843471132211,-1.668250336240563
